ID,Paper,No,Cell,Type,Phase,Genl,Ion,Charge,Irmods,LET,E,alpha_x,beta_x,alpha_l,beta_l
1,chapman77,1,V79,n,G0,5.6,4He,2,s,2.34,133.4,0.08,0.0361,0.06,0.04
1,chapman77,2,V79,n,G0,5.6,4He,2,s,2.4,128.8,0.08,0.0361,0.09,0.029
1,chapman77,3,V79,n,G0,5.6,4He,2,s,7.85,28.1,0.08,0.0361,0.14,0.04
1,chapman77,4,V79,n,G0,5.6,4He,2,s,8.13,26.9,0.08,0.0361,0.19,0.032
1,chapman77,5,V79,n,G0,5.6,4He,2,s,9.12,23.4,0.08,0.0361,0.15,0.04
1,chapman77,6,V79,n,G0,5.6,12C,6,s,12.16,319,0.08,0.0361,0.19,0.036
1,chapman77,7,V79,n,G0,5.6,12C,6,s,26,99.8,0.08,0.0361,0.26,0.036
1,chapman77,8,V79,n,G0,5.6,12C,6,s,74.99,26.1,0.08,0.0361,0.5,0.04
1,chapman77,9,V79,n,G0,5.6,20Ne,10,s,37.15,268.7,0.08,0.0361,0.27,0.048
1,chapman77,10,V79,n,G0,5.6,20Ne,10,s,114.81,55,0.08,0.0361,0.51,0.044
1,chapman77,11,V79,n,G0,5.6,20Ne,10,s,136.46,44.4,0.08,0.0361,0.57,0.048
1,chapman77,12,V79,n,G0,5.6,40Ar,18,s,98.86,400,0.08,0.0361,0.58,0.032
1,chapman77,13,V79,n,G0,5.6,40Ar,18,s,402.72,50,0.08,0.0361,0.48,0.053
2,chapman78,1,V79,n,G0,5.6,12C,6,s,12.16,319,0.078,0.0359,0.28,0.0356
2,chapman78,2,V79,n,G0,5.6,12C,6,s,26,99.8,0.078,0.0359,0.333,0.0334
2,chapman78,3,V79,n,G0,5.6,12C,6,s,74.99,26.1,0.078,0.0359,0.669,0.027
2,chapman78,4,V79,n,G1,5.6,12C,6,s,12.16,319,0.144,0.0417,0.42,0.0501
2,chapman78,5,V79,n,G1,5.6,12C,6,s,26,99.8,0.144,0.0417,0.591,0.034
2,chapman78,6,V79,n,G1,5.6,12C,6,s,74.99,26.1,0.144,0.0417,1.002,0.0269
2,chapman78,7,T1,n,a,6,12C,6,s,12.16,319,0.144,0.0379,0.323,0.0556
2,chapman78,8,T1,n,a,6,12C,6,s,26,99.8,0.144,0.0379,0.352,0.0573
2,chapman78,9,T1,n,a,6,12C,6,s,74.99,26.1,0.144,0.0379,0.653,0.0659
3,blakely79,1,T1,n,a,5.6,12C,6,m,11,389,0.1,0.047,0.28,0.026
3,blakely79,2,T1,n,a,5.6,12C,6,m,13,282.9,0.1,0.047,0.25,0.044
3,blakely79,3,T1,n,a,5.6,12C,6,m,16,200.4,0.1,0.047,0.22,0.04
3,blakely79,4,T1,n,a,5.6,12C,6,m,23,118.2,0.1,0.047,0.38,0.04
3,blakely79,5,T1,n,a,5.6,12C,6,m,30,82.7,0.1,0.047,0.33,0.053
3,blakely79,6,T1,n,a,5.6,12C,6,m,40,57.3,0.1,0.047,0.39,0.088
3,blakely79,7,T1,n,a,5.6,12C,6,m,85,22.5,0.1,0.047,0.81,0.069
3,blakely79,8,T1,n,a,5.6,12C,6,m,124,14,0.1,0.047,0.74,0.11
3,blakely79,9,T1,n,a,5.6,20Ne,10,m,32,356,0.1,0.047,0.24,0.082
3,blakely79,10,T1,n,a,5.6,20Ne,10,m,38,258.7,0.1,0.047,0.33,0.067
3,blakely79,11,T1,n,a,5.6,20Ne,10,m,54,149.7,0.1,0.047,0.34,0.08
3,blakely79,12,T1,n,a,5.6,20Ne,10,m,71,102.5,0.1,0.047,0.57,0.063
3,blakely79,13,T1,n,a,5.6,20Ne,10,m,100,65.5,0.1,0.047,0.95,0.06
3,blakely79,14,T1,n,a,5.6,20Ne,10,m,139,43.4,0.1,0.047,1.04,0.027
3,blakely79,15,T1,n,a,5.6,20Ne,10,m,234,22.7,0.1,0.047,1.02,0.008
3,blakely79,16,T1,n,a,5.6,20Ne,10,m,419,10.7,0.1,0.047,1,0
3,blakely79,17,T1,n,a,5.6,40Ar,18,m,81,680,0.1,0.047,0.52,0.098
3,blakely79,18,T1,n,a,5.6,40Ar,18,m,91,500,0.1,0.047,0.73,0.089
3,blakely79,19,T1,n,a,5.6,40Ar,18,m,117,290,0.1,0.047,0.79,0.099
3,blakely79,20,T1,n,a,5.6,40Ar,18,m,144,200,0.1,0.047,0.83,0.08
3,blakely79,21,T1,n,a,5.6,40Ar,18,m,184,140,0.1,0.047,0.74,0.087
3,blakely79,22,T1,n,a,5.6,40Ar,18,m,245,95,0.1,0.047,0.79,0.021
3,blakely79,23,T1,n,a,5.6,40Ar,18,m,328,65,0.1,0.047,0.75,0.002
3,blakely79,24,T1,n,a,5.6,40Ar,18,m,640,27,0.1,0.047,0.58,0.0001
4,raju91,1,CHO-10B,n,a,5.6,4He,2,m,125,0.75,0.13,0.03,1.408,0
4,raju91,2,HS-23,n,a,5.6,4He,2,m,136,0.65,0.26,0.036,1.587,0
4,raju91,3,C3H_10T1/2,n,a,5.6,4He,2,m,121,0.8,0.4,0.02,1.754,0
4,raju91,4,V79,n,a,5.6,4He,2,m,124,0.77,0.14,0.015,1.176,0
4,raju91,5,AG1522,n,a,6,4He,2,m,121,0.8,0.43,0.088,2.857,0
5,goodhead92,1,HeLa,n,a,6,1H,1,m,20.27,1.38,0.487,0.03,0.53,0.084
5,goodhead92,2,HeLa,n,a,6,1H,1,m,23.915,1.16,0.487,0.03,0.85,0.037
5,goodhead92,3,HeLa,n,a,6,4He,2,m,20.475,8.8,0.487,0.03,0.42,0.08
5,goodhead92,4,HeLa,n,a,6,4He,2,m,23.045,7.605,0.487,0.03,0.65,0.059
5,goodhead92,5,HeLa_S3,n,a,6,1H,1,m,20.27,1.38,0.601,0.02,0.67,0.037
5,goodhead92,6,HeLa_S3,n,a,6,1H,1,m,23.915,1.16,0.601,0.02,1.01,0
5,goodhead92,7,HeLa_S3,n,a,6,4He,2,m,20.475,8.8,0.601,0.02,0.71,0.013
5,goodhead92,8,HeLa_S3,n,a,6,4He,2,m,23.045,7.605,0.601,0.02,0.79,0.006
5,goodhead92,9,C3H_10T1/2,n,a,5.6,1H,1,m,22.09,1.27,0.178,0.033,0.43,0.013
5,goodhead92,10,C3H_10T1/2,n,a,5.6,4He,2,m,21.76,8.2,0.178,0.033,0.48,0.014
6,folkard96,1,V79,n,a,5.6,1H,1,m,10.1,3.66,0.13,0.048,0.32,0.039
6,folkard96,2,V79,n,a,5.6,1H,1,m,17.8,1.83,0.13,0.048,0.45,0.028
6,folkard96,3,V79,n,a,5.6,1H,1,m,27.6,1.07,0.13,0.048,0.74,0.011
6,folkard96,4,V79,n,a,5.6,2H,1,m,18.5,1.7,0.13,0.048,0.43,0.055
6,folkard96,5,V79,n,a,5.6,2H,1,m,26.3,1.07,0.13,0.048,0.76,0.013
6,folkard96,6,V79,n,a,5.6,2H,1,m,36.1,0.7,0.13,0.048,1.1,0
6,folkard96,7,V79,n,a,5.6,2H,1,m,49.8,0.465,0.13,0.048,1.23,0
6,folkard96,8,V79,n,a,5.6,3He,2,m,58.9,2.3,0.13,0.048,1.24,0
6,folkard96,9,V79,n,a,5.6,3He,2,m,88.3,1.39,0.13,0.048,1.44,0
6,folkard96,10,V79,n,a,5.6,3He,2,m,105.8,1.13,0.13,0.048,1.33,0
7,eguchi96,1,irs1,n,a,5.6,4He,2,m,18,9.97,0.747,0.029,0.693,0.012
7,eguchi96,2,irs2,n,a,5.6,4He,2,m,18,9.97,0.611,0.06,0.793,0.034
7,eguchi96,3,L5178Y,n,a,5.6,4He,2,m,18,9.97,0.134,0.037,0.495,0.084
7,eguchi96,4,M10,n,a,5.6,4He,2,m,18,9.97,1.183,0.028,1.18,0.742
7,eguchi96,5,L5178Y,n,a,5.6,4He,2,m,47,3.1,0.134,0.037,1.473,0
7,eguchi96,6,M10,n,a,5.6,4He,2,m,47,3.1,1.183,0.028,2.79,0
7,eguchi96,7,irs1,n,a,5.6,12C,6,m,235,6.43,0.747,0.029,1.39,0
7,eguchi96,8,irs2,n,a,5.6,12C,6,m,235,6.43,0.611,0.06,1.42,0
7,eguchi96,9,L5178Y,n,a,5.6,12C,6,m,74,26.6,0.134,0.037,1.7,0
7,eguchi96,10,M10,n,a,5.6,12C,6,m,74,26.6,1.183,0.028,3.733,0
7,eguchi96,11,L5178Y,n,a,5.6,12C,6,m,235,6.43,0.134,0.037,1.7,0
7,eguchi96,12,M10,n,a,5.6,12C,6,m,235,6.43,1.183,0.028,2.417,0
7,eguchi96,13,LTA,n,a,5.6,20Ne,10,m,62,123.2,0.0037,0.067,1.076,0.082
7,eguchi96,14,LTA,n,a,5.6,20Ne,10,m,84,81.8,0.0037,0.067,1.527,0
7,eguchi96,15,LTA,n,a,5.6,20Ne,10,m,108,59.2,0.0037,0.067,1.456,0
7,eguchi96,16,LTA,n,a,5.6,20Ne,10,m,205,26.6,0.0037,0.067,1.144,0
7,eguchi96,17,LTA,n,a,5.6,20Ne,10,m,327,14.7,0.0037,0.067,0.577,0
7,eguchi96,18,SL3-147,n,a,5.6,20Ne,10,m,62,123.2,1.739,0.056,2.526,0
7,eguchi96,19,SL3-147,n,a,5.6,20Ne,10,m,84,81.8,1.739,0.056,2.477,0
7,eguchi96,20,SL3-147,n,a,5.6,20Ne,10,m,108,59.2,1.739,0.056,2.36,0
7,eguchi96,21,SL3-147,n,a,5.6,20Ne,10,m,205,26.6,1.739,0.056,1.859,0
7,eguchi96,22,SL3-147,n,a,5.6,20Ne,10,m,327,14.7,1.739,0.056,0.909,0
8,suzuki97,1,HE20,n,G1/G0,6,20Ne,10,m,63,120.3,0.113,0.168,1.386,0.104
8,suzuki97,2,HE20,n,G1/G0,6,20Ne,10,m,105,61.4,0.113,0.168,1.542,0.261
8,suzuki97,3,HE20,n,G1/G0,6,20Ne,10,m,131,46.7,0.113,0.168,2.283,0
8,suzuki97,4,HE20,n,G1/G0,6,20Ne,10,m,191,29,0.113,0.168,2.158,0
8,suzuki97,5,HE20,n,G1/G0,6,20Ne,10,m,234,22.7,0.113,0.168,1.827,0
8,suzuki97,6,HE20,n,G1/G0,6,20Ne,10,m,285,17.8,0.113,0.168,1.592,0
8,suzuki97,7,HE20,n,G1/G0,6,20Ne,10,m,335,14.3,0.113,0.168,1.149,0.184
9,bettega98,1,C3H1OT1/2,n,a,5.6,1H,1,m,11,3.18,0.24,0.016,0.47,0.019
9,bettega98,2,C3H1OT1/2,n,a,5.6,1H,1,m,19.7,1.46,0.24,0.016,0.43,0.038
9,bettega98,3,C3H1OT1/2,n,a,5.6,1H,1,m,28.8,0.87,0.24,0.016,0.55,0.053
9,bettega98,4,C3H1OT1/2,n,a,5.6,1H,1,m,31.6,0.77,0.24,0.016,0.67,0
9,bettega98,5,C3H1OT1/2,n,a,5.6,1H,1,m,32.5,0.74,0.24,0.016,0.75,0
9,bettega98,6,C3H1OT1/2,n,a,5.6,1H,1,m,33.2,0.72,0.24,0.016,1.02,0
9,bettega98,7,C3H1OT1/2,n,a,5.6,2H,1,m,6.65,4.89,0.24,0.016,0.4,0.041
9,bettega98,8,C3H1OT1/2,n,a,5.6,2H,1,m,9.15,3.19,0.24,0.016,0.55,0.023
10,tsuboi98,1,NB1RGB,n,a,6,12C,6,m,20,144,0.336,0.0796,0.688,0.0305
10,tsuboi98,2,NB1RGB,n,a,6,12C,6,m,40,57.3,0.336,0.0796,0.795,0.0148
10,tsuboi98,3,NB1RGB,n,a,6,12C,6,m,81,23.8,0.336,0.0796,1.331,0.0146
10,tsuboi98,4,NB1RGB,n,a,6,12C,6,m,105,17.4,0.336,0.0796,1.425,0.0219
10,tsuboi98,5,ONS-76,t,a,6,12C,6,m,20,144,0.188,0.062,0.793,0.0281
10,tsuboi98,6,ONS-76,t,a,6,12C,6,m,40,57.3,0.188,0.062,0.921,0.014
10,tsuboi98,7,ONS-76,t,a,6,12C,6,m,81,23.8,0.188,0.062,1.29,0.0153
10,tsuboi98,8,ONS-76,t,a,6,12C,6,m,105,17.4,0.188,0.062,1.327,0.0113
10,tsuboi98,9,A-172,t,a,6,12C,6,m,20,144,0.405,0.0588,0.896,0.0453
10,tsuboi98,10,A-172,t,a,6,12C,6,m,40,57.3,0.405,0.0588,1.052,0.023
10,tsuboi98,11,A-172,t,a,6,12C,6,m,81,23.8,0.405,0.0588,1.509,0.0138
10,tsuboi98,12,A-172,t,a,6,12C,6,m,105,17.4,0.405,0.0588,1.923,0.0142
10,tsuboi98,13,U251MG,t,a,6,12C,6,m,20,144,0.031,0.0551,0.477,0.0365
10,tsuboi98,14,U251MG,t,a,6,12C,6,m,40,57.3,0.031,0.0551,0.687,0.0261
10,tsuboi98,15,U251MG,t,a,6,12C,6,m,81,23.8,0.031,0.0551,1.127,0.0128
10,tsuboi98,16,U251MG,t,a,6,12C,6,m,105,17.4,0.031,0.0551,1.091,0.0215
10,tsuboi98,17,TK-1,t,a,6,12C,6,m,20,144,0.007,0.0546,0.043,0.0455
10,tsuboi98,18,TK-1,t,a,6,12C,6,m,40,57.3,0.007,0.0546,0.555,0.04
10,tsuboi98,19,TK-1,t,a,6,12C,6,m,81,23.8,0.007,0.0546,1.033,0.0167
10,tsuboi98,20,TK-1,t,a,6,12C,6,m,105,17.4,0.007,0.0546,1.086,0.0221
11,tsuchida98,1,A172,t,a,6,12C,6,m,20,144,0.283,0.095,0.917,0.029
11,tsuchida98,2,A172,t,a,6,12C,6,m,40,57.3,0.283,0.095,0.813,0.103
11,tsuchida98,3,A172,t,a,6,12C,6,m,80,24.1,0.283,0.095,0.475,0.375
11,tsuchida98,4,TK1,t,a,6,12C,6,m,20,144,0.087,0.039,0.388,0.051
11,tsuchida98,5,TK1,t,a,6,12C,6,m,40,57.3,0.087,0.039,0.509,0.064
11,tsuchida98,6,TK1,t,a,6,12C,6,m,80,24.1,0.087,0.039,0.209,0.446
12,weyrather99,1,V79,n,a,5.6,12C,6,m,13.7,266.4,0.093,0.026,0.234,0.03
12,weyrather99,2,V79,n,a,5.6,12C,6,m,16.8,190.7,0.093,0.026,0.226,0.03
12,weyrather99,3,V79,n,a,5.6,12C,6,m,32.4,76.9,0.093,0.026,0.337,0.025
12,weyrather99,4,V79,n,a,5.6,12C,6,m,153.5,11,0.093,0.026,0.91,0.044
12,weyrather99,5,V79,n,a,5.6,12C,6,m,275.1,5.4,0.093,0.026,0.924,0
12,weyrather99,6,V79,n,a,5.6,12C,6,m,339.1,4.2,0.093,0.026,0.639,0.039
12,weyrather99,7,V79,n,a,5.6,12C,6,m,482.7,2.4,0.093,0.026,0.533,0.014
12,weyrather99,8,CHO-K1,n,a,5.6,12C,6,m,13.7,266.4,0.228,0.02,0.414,0.03
12,weyrather99,9,CHO-K1,n,a,5.6,12C,6,m,16.8,190.7,0.228,0.02,0.373,0.041
12,weyrather99,10,CHO-K1,n,a,5.6,12C,6,m,32.4,76.9,0.228,0.02,0.645,0.005
12,weyrather99,11,CHO-K1,n,a,5.6,12C,6,m,103,18,0.228,0.02,0.989,0.192
12,weyrather99,12,CHO-K1,n,a,5.6,12C,6,m,153.5,11,0.228,0.02,1.52,0
12,weyrather99,13,CHO-K1,n,a,5.6,12C,6,m,275.1,5.4,0.228,0.02,1.129,0.015
12,weyrather99,14,CHO-K1,n,a,5.6,12C,6,m,339.1,4.2,0.228,0.02,0.842,0.042
12,weyrather99,15,CHO-K1,n,a,5.6,12C,6,m,482.7,2.4,0.228,0.02,0.697,0.021
12,weyrather99,16,xrs5,n,a,5.6,12C,6,m,13.7,266.4,1.72,0,3.56,0.001
12,weyrather99,17,xrs5,n,a,5.6,12C,6,m,32.4,76.9,1.72,0,2.74,0
12,weyrather99,18,xrs5,n,a,5.6,12C,6,m,153.5,11,1.72,0,2.55,0
12,weyrather99,19,xrs5,n,a,5.6,12C,6,m,275.1,5.4,1.72,0,2.12,0.24
12,weyrather99,20,xrs5,n,a,5.6,12C,6,m,339.1,4.2,1.72,0,1.87,0
12,weyrather99,21,xrs5,n,a,5.6,12C,6,m,482.7,2.4,1.72,0,1.62,0
13,furusawa00,1,V79,n,a,5.6,3He,2,m,18.6,10.1,0.184,0.02,0.225,0.0426
13,furusawa00,2,V79,n,a,5.6,3He,2,m,18.6,10.1,0.184,0.02,0.297,0.0317
13,furusawa00,3,V79,n,a,5.6,3He,2,m,23,7.73,0.184,0.02,0.255,0.0401
13,furusawa00,4,V79,n,a,5.6,3He,2,m,23.8,7.39,0.184,0.02,0.261,0.0569
13,furusawa00,5,V79,n,a,5.6,3He,2,m,24,7.3,0.184,0.02,0.168,0.0591
13,furusawa00,6,V79,n,a,5.6,3He,2,m,29.9,5.5,0.184,0.02,0.162,0.0676
13,furusawa00,7,V79,n,a,5.6,3He,2,m,29.9,5.5,0.184,0.02,0.376,0.044
13,furusawa00,8,V79,n,a,5.6,3He,2,m,38.1,4.07,0.184,0.02,0.534,0.0537
13,furusawa00,9,V79,n,a,5.6,3He,2,m,39.2,3.92,0.184,0.02,0.529,0.0465
13,furusawa00,10,V79,n,a,5.6,3He,2,m,39.4,3.9,0.184,0.02,0.486,0.0471
13,furusawa00,11,V79,n,a,5.6,3He,2,m,50,2.83,0.184,0.02,0.561,0.1081
13,furusawa00,12,V79,n,a,5.6,3He,2,m,51.9,2.72,0.184,0.02,0.405,0.1327
13,furusawa00,13,V79,n,a,5.6,3He,2,m,52.3,2.7,0.184,0.02,0.496,0.1257
13,furusawa00,14,V79,n,a,5.6,3He,2,m,58.9,2.33,0.184,0.02,0.848,0.0602
13,furusawa00,15,V79,n,a,5.6,3He,2,m,61.9,2.16,0.184,0.02,0.56,0.1507
13,furusawa00,16,V79,n,a,5.6,3He,2,m,73.9,1.65,0.184,0.02,1.04,0.0793
13,furusawa00,17,V79,n,a,5.6,3He,2,m,74.6,1.62,0.184,0.02,1.105,0.1413
13,furusawa00,18,V79,n,a,5.6,3He,2,m,74.6,1.62,0.184,0.02,0.822,0.184
13,furusawa00,19,V79,n,a,5.6,3He,2,m,90.8,1.27,0.184,0.02,0.956,0.1846
13,furusawa00,20,V79,n,a,5.6,3He,2,m,90.8,1.27,0.184,0.02,1.117,0.1039
13,furusawa00,21,V79,n,a,5.6,12C,6,m,22.5,126,0.184,0.02,0.227,0.0323
13,furusawa00,22,V79,n,a,5.6,12C,6,m,30,82.3,0.184,0.02,0.295,0.0385
13,furusawa00,23,V79,n,a,5.6,12C,6,m,31,78.6,0.184,0.02,0.427,0.0341
13,furusawa00,24,V79,n,a,5.6,12C,6,m,40.1,55.6,0.184,0.02,0.283,0.1601
13,furusawa00,25,V79,n,a,5.6,12C,6,m,40.6,54.8,0.184,0.02,0.619,0.0253
13,furusawa00,26,V79,n,a,5.6,12C,6,m,50.3,41.7,0.184,0.02,0.841,0.0228
13,furusawa00,27,V79,n,a,5.6,12C,6,m,57.6,35.4,0.184,0.02,0.549,0.0739
13,furusawa00,28,V79,n,a,5.6,12C,6,m,60,33.5,0.184,0.02,0.631,0.0898
13,furusawa00,29,V79,n,a,5.6,12C,6,m,78.5,25.2,0.184,0.02,1.027,0.0205
13,furusawa00,30,V79,n,a,5.6,12C,6,m,80.6,24.5,0.184,0.02,0.781,0.1052
13,furusawa00,31,V79,n,a,5.6,12C,6,m,88,21.9,0.184,0.02,0.971,0.057
13,furusawa00,32,V79,n,a,5.6,12C,6,m,102,18.1,0.184,0.02,1.066,0.0589
13,furusawa00,33,V79,n,a,5.6,12C,6,m,117,14.9,0.184,0.02,1.315,0.0281
13,furusawa00,34,V79,n,a,5.6,12C,6,m,127,13.9,0.184,0.02,1.08,0.0211
13,furusawa00,35,V79,n,a,5.6,12C,6,m,137,12.9,0.184,0.02,1.477,0
13,furusawa00,36,V79,n,a,5.6,12C,6,m,142,12.4,0.184,0.02,1.446,0.0014
13,furusawa00,37,V79,n,a,5.6,12C,6,m,206,7.6,0.184,0.02,1.323,0.0002
13,furusawa00,38,V79,n,a,5.6,12C,6,m,232,6.37,0.184,0.02,1.064,0.0009
13,furusawa00,39,V79,n,a,5.6,12C,6,m,255,5.64,0.184,0.02,1.07,0.0005
13,furusawa00,40,V79,n,a,5.6,12C,6,m,276,5.09,0.184,0.02,1.091,0.0461
13,furusawa00,41,V79,n,a,5.6,12C,6,m,360,3.42,0.184,0.02,1.07,0.0005
13,furusawa00,42,V79,n,a,5.6,12C,6,m,432,2.55,0.184,0.02,0.844,0
13,furusawa00,43,V79,n,a,5.6,12C,6,m,493,1.98,0.184,0.02,0.837,0.0001
13,furusawa00,44,V79,n,a,5.6,12C,6,m,502,1.92,0.184,0.02,0.779,0
13,furusawa00,45,V79,n,a,5.6,20Ne,10,m,62.1,130,0.184,0.02,0.511,0.0643
13,furusawa00,46,V79,n,a,5.6,20Ne,10,m,62.1,130,0.184,0.02,0.286,0.0775
13,furusawa00,47,V79,n,a,5.6,20Ne,10,m,62.2,129,0.184,0.02,0.634,0.0291
13,furusawa00,48,V79,n,a,5.6,20Ne,10,m,80,84.2,0.184,0.02,0.555,0.0862
13,furusawa00,49,V79,n,a,5.6,20Ne,10,m,84.6,78.6,0.184,0.02,0.672,0.0628
13,furusawa00,50,V79,n,a,5.6,20Ne,10,m,96.9,68.1,0.184,0.02,0.761,0.091
13,furusawa00,51,V79,n,a,5.6,20Ne,10,m,110,57.5,0.184,0.02,0.774,0.0571
13,furusawa00,52,V79,n,a,5.6,20Ne,10,m,146,38.4,0.184,0.02,1.087,0.0291
13,furusawa00,53,V79,n,a,5.6,20Ne,10,m,158,35.7,0.184,0.02,1.225,0
13,furusawa00,54,V79,n,a,5.6,20Ne,10,m,178,31.1,0.184,0.02,1.259,0
13,furusawa00,55,V79,n,a,5.6,20Ne,10,m,182,30.2,0.184,0.02,1.169,0
13,furusawa00,56,V79,n,a,5.6,20Ne,10,m,219,24.7,0.184,0.02,1.15,0.0006
13,furusawa00,57,V79,n,a,5.6,20Ne,10,m,239,21.7,0.184,0.02,1.299,0.0011
13,furusawa00,58,V79,n,a,5.6,20Ne,10,m,277,18.2,0.184,0.02,1.048,0
13,furusawa00,59,V79,n,a,5.6,20Ne,10,m,287,17.5,0.184,0.02,1.212,0
13,furusawa00,60,V79,n,a,5.6,20Ne,10,m,373,12.8,0.184,0.02,0.968,0
13,furusawa00,61,V79,n,a,5.6,20Ne,10,m,528,7.71,0.184,0.02,0.675,0
13,furusawa00,62,V79,n,a,5.6,20Ne,10,m,569,7.1,0.184,0.02,0.409,0
13,furusawa00,63,HSG,n,a,6,3He,2,m,18.5,10.2,0.313,0.0615,0.543,0.0625
13,furusawa00,64,HSG,n,a,6,3He,2,m,18.6,10.1,0.313,0.0615,0.523,0.0986
13,furusawa00,65,HSG,n,a,6,3He,2,m,23.6,7.48,0.313,0.0615,0.662,0.0692
13,furusawa00,66,HSG,n,a,6,3He,2,m,24,7.3,0.313,0.0615,0.851,0.0766
13,furusawa00,67,HSG,n,a,6,3He,2,m,32.4,4.99,0.313,0.0615,1.221,0
13,furusawa00,68,HSG,n,a,6,3He,2,m,33,4.89,0.313,0.0615,1.309,0.0316
13,furusawa00,69,HSG,n,a,6,3He,2,m,46,3.12,0.313,0.0615,1.738,0.0364
13,furusawa00,70,HSG,n,a,6,3He,2,m,46,3.12,0.313,0.0615,1.328,0.1016
13,furusawa00,71,HSG,n,a,6,3He,2,m,53.8,2.61,0.313,0.0615,1.705,0.0509
13,furusawa00,72,HSG,n,a,6,3He,2,m,54,2.6,0.313,0.0615,1.889,0.0528
13,furusawa00,73,HSG,n,a,6,3He,2,m,70.3,1.79,0.313,0.0615,2.283,0
13,furusawa00,74,HSG,n,a,6,3He,2,m,71,1.76,0.313,0.0615,2.564,0
13,furusawa00,75,HSG,n,a,6,12C,6,m,22.5,126,0.313,0.0615,0.161,0.1239
13,furusawa00,76,HSG,n,a,6,12C,6,m,30,82.3,0.313,0.0615,0.429,0.0814
13,furusawa00,77,HSG,n,a,6,12C,6,m,30.3,81.1,0.313,0.0615,0.359,0.1106
13,furusawa00,78,HSG,n,a,6,12C,6,m,30.6,79.9,0.313,0.0615,0.483,0.1099
13,furusawa00,79,HSG,n,a,6,12C,6,m,40.2,55.4,0.313,0.0615,0.72,0.1348
13,furusawa00,80,HSG,n,a,6,12C,6,m,42.5,51.9,0.313,0.0615,0.805,0.0971
13,furusawa00,81,HSG,n,a,6,12C,6,m,50,42.1,0.313,0.0615,1.137,0.0543
13,furusawa00,82,HSG,n,a,6,12C,6,m,54.5,37.8,0.313,0.0615,1.01,0.1312
13,furusawa00,83,HSG,n,a,6,12C,6,m,80.6,24.5,0.313,0.0615,1.449,0.0173
13,furusawa00,84,HSG,n,a,6,12C,6,m,88,21.9,0.313,0.0615,1.68,0.0096
13,furusawa00,85,HSG,n,a,6,12C,6,m,137,12.9,0.313,0.0615,1.9,0.0024
13,furusawa00,86,HSG,n,a,6,12C,6,m,144,12.2,0.313,0.0615,1.507,0
13,furusawa00,87,HSG,n,a,6,12C,6,m,147,11.8,0.313,0.0615,1.742,0.0018
13,furusawa00,88,HSG,n,a,6,12C,6,m,199,7.94,0.313,0.0615,1.712,0.0047
13,furusawa00,89,HSG,n,a,6,12C,6,m,247,5.84,0.313,0.0615,1.423,0
13,furusawa00,90,HSG,n,a,6,12C,6,m,267,5.32,0.313,0.0615,1.633,0
13,furusawa00,91,HSG,n,a,6,12C,6,m,333,3.88,0.313,0.0615,1.256,0.0012
13,furusawa00,92,HSG,n,a,6,12C,6,m,360,3.42,0.313,0.0615,1.245,0
13,furusawa00,93,HSG,n,a,6,12C,6,m,467,2.22,0.313,0.0615,1.075,0
13,furusawa00,94,HSG,n,a,6,12C,6,m,493,1.98,0.313,0.0615,1.035,0.001
13,furusawa00,95,HSG,n,a,6,12C,6,m,502,1.92,0.313,0.0615,0.923,0
13,furusawa00,96,HSG,n,a,6,20Ne,10,m,62,130,0.313,0.0615,0.739,0.0782
13,furusawa00,97,HSG,n,a,6,20Ne,10,m,72,103,0.313,0.0615,1.201,0.1009
13,furusawa00,98,HSG,n,a,6,20Ne,10,m,74.2,96.7,0.313,0.0615,1.135,0.1237
13,furusawa00,99,HSG,n,a,6,20Ne,10,m,77,88.7,0.313,0.0615,0.927,0.4054
13,furusawa00,100,HSG,n,a,6,20Ne,10,m,82,81.3,0.313,0.0615,1.735,0.0279
13,furusawa00,101,HSG,n,a,6,20Ne,10,m,83.7,79.3,0.313,0.0615,1.516,0.0743
13,furusawa00,102,HSG,n,a,6,20Ne,10,m,103,62.2,0.313,0.0615,2,0.002
13,furusawa00,103,HSG,n,a,6,20Ne,10,m,116,54.4,0.313,0.0615,1.878,0
13,furusawa00,104,HSG,n,a,6,20Ne,10,m,166,33.8,0.313,0.0615,1.947,0.0037
13,furusawa00,105,HSG,n,a,6,20Ne,10,m,169,33.2,0.313,0.0615,2.009,0
13,furusawa00,106,HSG,n,a,6,20Ne,10,m,216,25.1,0.313,0.0615,1.849,0
13,furusawa00,107,HSG,n,a,6,20Ne,10,m,339,14.3,0.313,0.0615,1.253,0
13,furusawa00,108,HSG,n,a,6,20Ne,10,m,287,17.5,0.313,0.0615,1.338,0.0004
13,furusawa00,109,HSG,n,a,6,20Ne,10,m,340,14.3,0.313,0.0615,1.211,0.0005
13,furusawa00,110,HSG,n,a,6,20Ne,10,m,343,14.1,0.313,0.0615,1.253,0
13,furusawa00,111,HSG,n,a,6,20Ne,10,m,347,13.9,0.313,0.0615,1.315,0.0004
13,furusawa00,112,HSG,n,a,6,20Ne,10,m,361,13.3,0.313,0.0615,1.068,0
13,furusawa00,113,HSG,n,a,6,20Ne,10,m,373,12.8,0.313,0.0615,0.998,0
13,furusawa00,114,HSG,n,a,6,20Ne,10,m,445,9.65,0.313,0.0615,0.871,0.0005
13,furusawa00,115,HSG,n,a,6,20Ne,10,m,528,7.71,0.313,0.0615,0.829,0
13,furusawa00,116,HSG,n,a,6,20Ne,10,m,654,5.58,0.313,0.0615,0.7,0
13,furusawa00,117,T1,n,a,6,12C,6,m,21.8,131,0.0305,0.0585,0.289,0.075
13,furusawa00,118,T1,n,a,6,12C,6,m,21.8,131,0.0305,0.0585,0.155,0.0941
13,furusawa00,119,T1,n,a,6,12C,6,m,39.7,56.2,0.0305,0.0585,0.45,0.127
13,furusawa00,120,T1,n,a,6,12C,6,m,39.8,56,0.0305,0.0585,0.243,0.1194
13,furusawa00,121,T1,n,a,6,12C,6,m,61.5,32.4,0.0305,0.0585,0.321,0.1989
13,furusawa00,122,T1,n,a,6,12C,6,m,80.4,24.5,0.0305,0.0585,0.69,0.2795
13,furusawa00,123,T1,n,a,6,12C,6,m,109,16.7,0.0305,0.0585,0.562,0.497
13,furusawa00,124,T1,n,a,6,12C,6,m,144,12.2,0.0305,0.0585,0.827,0.2913
13,furusawa00,125,T1,n,a,6,12C,6,m,252,5.7,0.0305,0.0585,0.965,0.3529
13,furusawa00,126,T1,n,a,6,20Ne,10,m,61.9,130,0.0305,0.0585,0.216,0.2575
13,furusawa00,127,T1,n,a,6,20Ne,10,m,81.6,81.9,0.0305,0.0585,0.776,0.1801
13,furusawa00,128,T1,n,a,6,20Ne,10,m,81.8,81.6,0.0305,0.0585,0.611,0.2385
13,furusawa00,129,T1,n,a,6,20Ne,10,m,101,64.3,0.0305,0.0585,0.776,0.1801
13,furusawa00,130,T1,n,a,6,20Ne,10,m,103,61.9,0.0305,0.0585,0.685,0.2372
13,furusawa00,131,T1,n,a,6,20Ne,10,m,111,57.2,0.0305,0.0585,0.844,0.3641
13,furusawa00,132,T1,n,a,6,20Ne,10,m,166,33.8,0.0305,0.0585,0.998,0.1562
13,furusawa00,133,T1,n,a,6,20Ne,10,m,176,31.5,0.0305,0.0585,0.891,0.2543
13,furusawa00,134,T1,n,a,6,20Ne,10,m,222,24.2,0.0305,0.0585,1.121,0.0243
13,furusawa00,135,T1,n,a,6,20Ne,10,m,249,20.3,0.0305,0.0585,0.792,0.1327
13,furusawa00,136,T1,n,a,6,20Ne,10,m,262,19.2,0.0305,0.0585,0.849,0.1305
13,furusawa00,137,T1,n,a,6,20Ne,10,m,340,14.3,0.0305,0.0585,0.793,0.0674
13,furusawa00,138,T1,n,a,6,20Ne,10,m,361,13.3,0.0305,0.0585,0.735,0.0534
14,suzuki00,1,NB1RGB,n,a,6,12C,6,m,13.3,271.2,0.428,0.052,0.565,0.047
14,suzuki00,2,HFL-III,n,a,6,12C,6,m,13.3,271.2,0.415,0.062,0.543,0.066
14,suzuki00,3,LC-1sq,t,a,6,12C,6,m,13.3,271.2,0.245,0.127,0.492,0.069
14,suzuki00,4,A-549,t,a,6,12C,6,m,13.3,271.2,0.075,0.045,0.218,0.044
14,suzuki00,5,C32TG,t,a,6,12C,6,m,13.3,271.2,0.251,0.04,0.337,0.041
14,suzuki00,6,Marcus,t,a,6,12C,6,m,13.3,271.2,0.178,0.047,0.308,0.058
14,suzuki00,7,U-251MGKO,t,a,6,12C,6,m,13.3,0,0,0.078,0.109,0.097
14,suzuki00,8,SK-MG-1,t,a,6,12C,6,m,13.3,271.2,0.109,0.053,0.222,0.053
14,suzuki00,9,KNS-89,t,a,6,12C,6,m,13.3,271.2,0.053,0.09,0.129,0.102
14,suzuki00,10,KS-1,t,a,6,12C,6,m,13.3,271.2,0.745,0.035,0.897,0.029
14,suzuki00,11,A-172,t,a,6,12C,6,m,13.3,271.2,0.363,0.081,0.848,0.019
14,suzuki00,12,ONS-76,t,a,6,12C,6,m,13.3,271.2,0.096,0.09,0.184,0.129
14,suzuki00,13,KNS-60,t,a,6,12C,6,m,13.3,271.2,0.032,0.048,0.181,0.056
14,suzuki00,14,Becker,t,a,6,12C,6,m,13.3,271.2,0.1,0.022,0.129,0.024
14,suzuki00,15,T98G,t,a,6,12C,6,m,13.3,271.2,0.064,0.046,0.127,0.065
14,suzuki00,16,SF126,t,a,6,12C,6,m,13.3,271.2,0.211,0.064,0.399,0.061
14,suzuki00,17,NB1RGB,n,a,6,12C,6,m,77.1,25.1,0.428,0.052,1.556,0
14,suzuki00,18,HFL-III,n,a,6,12C,6,m,77.1,25.1,0.415,0.062,1.624,0
14,suzuki00,19,LC-1sq,t,a,6,12C,6,m,77.1,25.1,0.245,0.127,1.461,0.061
14,suzuki00,20,A-549,t,a,6,12C,6,m,77.1,25.1,0.075,0.045,0.721,0.052
14,suzuki00,21,C32TG,t,a,6,12C,6,m,77.1,25.1,0.251,0.04,1.123,0.016
14,suzuki00,22,Marcus,t,a,6,12C,6,m,77.1,25.1,0.178,0.047,0.733,0.137
14,suzuki00,23,U-251MGKO,t,a,6,12C,6,m,13.3,0,0,0.078,0.467,0.189
14,suzuki00,24,SK-MG-1,t,a,6,12C,6,m,77.1,25.1,0.109,0.053,0.619,0.129
14,suzuki00,25,KNS-89,t,a,6,12C,6,m,77.1,25.1,0.053,0.09,0.645,0.15
14,suzuki00,26,KS-1,t,a,6,12C,6,m,77.1,25.1,0.745,0.035,2.022,0
14,suzuki00,27,A-172,t,a,6,12C,6,m,77.1,25.1,0.363,0.081,1.903,0
14,suzuki00,28,ONS-76,t,a,6,12C,6,m,77.1,25.1,0.096,0.09,0.664,0.405
14,suzuki00,29,KNS-60,t,a,6,12C,6,m,77.1,25.1,0.032,0.048,0.816,0.041
14,suzuki00,30,Becker,t,a,6,12C,6,m,77.1,25.1,0.1,0.022,0.316,0.073
14,suzuki00,31,T98G,t,a,6,12C,6,m,77.1,25.1,0.064,0.046,0.432,0.09
14,suzuki00,32,SF126,t,a,6,12C,6,m,77.1,25.1,0.211,0.064,0.894,0.088
15,belli00,1,HF19,n,a,6,1H,1,m,7.7,5.24,0.64,0,0.55,0
15,belli00,2,HF19,n,a,6,1H,1,m,19.5,1.54,0.64,0,0.54,0
15,belli00,3,HF19,n,a,6,1H,1,m,29,0.86,0.64,0,0.52,0
15,belli00,4,M10,n,a,6,1H,1,m,9.1,4.29,0.52,0,0.5,0
15,belli00,5,M10,n,a,6,1H,1,m,21.4,1.35,0.52,0,0.49,0
15,belli00,6,M10,n,a,6,1H,1,m,33,0.69,0.52,0,0.93,0
15,belli00,7,SCC25,t,a,6,1H,1,m,7.7,5.24,0.57,0.031,0.41,0.092
15,belli00,8,SCC25,t,a,6,1H,1,m,19.7,1.51,0.57,0.031,0.87,0
15,belli00,9,SCC25,t,a,6,1H,1,m,29.5,0.84,0.57,0.031,0.81,0
15,belli00,10,SQ20B,t,a,6,1H,1,m,7.7,5.24,0.13,0.017,0.15,0.011
15,belli00,11,SQ20B,t,a,6,1H,1,m,19.8,1.5,0.13,0.017,0.23,0.004
15,belli00,12,SQ20B,t,a,6,1H,1,m,30,0.81,0.13,0.017,0.57,0
16,tsuruoka05,1,NB1RGB,n,a,6,12C,6,m,38,61.6,0.559,0.032,1.131,0
16,tsuruoka05,2,NB1RGB,n,a,6,12C,6,m,55,39,0.559,0.032,1.171,0
16,tsuruoka05,3,NB1RGB,n,a,6,12C,6,m,84,23.5,0.559,0.032,2.295,0
16,tsuruoka05,4,NB1RGB,n,a,6,12C,6,m,91,21.3,0.559,0.032,2.242,0
16,tsuruoka05,5,NB1RGB,n,a,6,12C,6,m,94,20.5,0.559,0.032,2.201,0
16,tsuruoka05,6,NB1RGB,n,a,6,12C,6,m,98,19.5,0.559,0.032,2.723,0
16,tsuruoka05,7,NB1RGB,n,a,6,12C,6,m,13,291,0.559,0.032,0.743,0
16,tsuruoka05,8,NB1RGB,n,a,6,12C,6,m,19,157,0.559,0.032,0.843,0
16,tsuruoka05,9,NB1RGB,n,a,6,12C,6,m,38,61.6,0.559,0.032,0.964,0
16,tsuruoka05,10,NB1RGB,n,a,6,12C,6,m,54,39.9,0.559,0.032,1.278,0
16,tsuruoka05,11,NB1RGB,n,a,6,12C,6,m,64,32.5,0.559,0.032,1.613,0
16,tsuruoka05,12,NB1RGB,n,a,6,12C,6,m,73,27.8,0.559,0.032,1.76,0
16,tsuruoka05,13,NB1RGB,n,a,6,12C,6,m,76,26.5,0.559,0.032,2.208,0
16,tsuruoka05,14,NB1RGB,n,a,6,12C,6,m,80,24.9,0.559,0.032,2.108,0
16,tsuruoka05,15,NB1RGB,n,a,6,20Ne,10,m,45,200,0.559,0.032,1.01,0
16,tsuruoka05,16,NB1RGB,n,a,6,20Ne,10,m,59,134,0.559,0.032,1.097,0
16,tsuruoka05,17,NB1RGB,n,a,6,20Ne,10,m,77,93,0.559,0.032,1.459,0
16,tsuruoka05,18,NB1RGB,n,a,6,20Ne,10,m,105,62.5,0.559,0.032,1.506,0
16,tsuruoka05,19,NB1RGB,n,a,6,20Ne,10,m,132,47,0.559,0.032,1.934,0
16,tsuruoka05,20,NB1RGB,n,a,6,20Ne,10,m,158,37.7,0.559,0.032,1.853,0
16,tsuruoka05,21,NB1RGB,n,a,6,20Ne,10,m,177,32.8,0.559,0.032,2.268,0
16,tsuruoka05,22,NB1RGB,n,a,6,20Ne,10,m,30,415,0.559,0.032,0.957,0
16,tsuruoka05,23,NB1RGB,n,a,6,20Ne,10,m,44,208,0.559,0.032,1.117,0
16,tsuruoka05,24,NB1RGB,n,a,6,20Ne,10,m,58,138,0.559,0.032,1.405,0
16,tsuruoka05,25,NB1RGB,n,a,6,20Ne,10,m,77,93,0.559,0.032,1.298,0
16,tsuruoka05,26,NB1RGB,n,a,6,20Ne,10,m,105,62.5,0.559,0.032,1.338,0
16,tsuruoka05,27,NB1RGB,n,a,6,20Ne,10,m,127,49,0.559,0.032,1.994,0
16,tsuruoka05,28,NB1RGB,n,a,6,20Ne,10,m,156,38,0.559,0.032,1.887,0
16,tsuruoka05,29,NB1RGB,n,a,6,20Ne,10,m,184,31,0.559,0.032,2.248,0
16,tsuruoka05,30,NB1RGB,n,a,6,28Si,14,m,55,500,0.559,0.032,1.385,0
16,tsuruoka05,31,NB1RGB,n,a,6,28Si,14,m,59,400,0.559,0.032,1.305,0
16,tsuruoka05,32,NB1RGB,n,a,6,28Si,14,m,69,300,0.559,0.032,1.338,0
16,tsuruoka05,33,NB1RGB,n,a,6,28Si,14,m,113,140,0.559,0.032,1.7,0
16,tsuruoka05,34,NB1RGB,n,a,6,28Si,14,m,145,100,0.559,0.032,1.961,0
16,tsuruoka05,35,NB1RGB,n,a,6,28Si,14,m,173,80,0.559,0.032,2.034,0
16,tsuruoka05,36,NB1RGB,n,a,6,28Si,14,m,214,60,0.559,0.032,1.967,0
16,tsuruoka05,37,NB1RGB,n,a,6,56Fe,26,m,200,450,0.559,0.032,2.168,0
16,tsuruoka05,38,NB1RGB,n,a,6,56Fe,26,m,260,270,0.559,0.032,2.021,0
16,tsuruoka05,39,NB1RGB,n,a,6,56Fe,26,m,300,210,0.559,0.032,1.86,0
16,tsuruoka05,40,NB1RGB,n,a,6,56Fe,26,m,350,165,0.559,0.032,1.753,0
16,tsuruoka05,41,NB1RGB,n,a,6,56Fe,26,m,400,135,0.559,0.032,1.679,0
17,belli08,1,HF19,n,a,6,12C,6,m,39,59,0.64,0,1.71,0
17,belli08,2,HF19,n,a,6,12C,6,m,94,19,0.64,0,1.21,0
17,belli08,3,HF19,n,a,6,12C,6,m,222,6.7,0.64,0,0.84,0
17,belli08,4,HF19,n,a,6,12C,6,m,303,4.5,0.64,0,0.86,0
17,belli08,5,M/10,n,a,6,12C,6,m,13,290,0.3,0.068,0.61,0.089
17,belli08,6,M/10,n,a,6,12C,6,m,24,135,0.3,0.068,0.58,0.119
17,belli08,7,M/10,n,a,6,12C,6,m,39,59,0.3,0.068,1.27,0
17,belli08,8,M/10,n,a,6,12C,6,m,94,19,0.3,0.068,2.3,0
17,belli08,9,M/10,n,a,6,12C,6,m,222,6.7,0.3,0.068,1.83,0
17,belli08,10,M/10,n,a,6,12C,6,m,303,4.5,0.3,0.068,1.91,0
17,belli08,11,SCC25,t,a,6,12C,6,m,13,290,0.63,0,0.66,0
17,belli08,12,SCC25,t,a,6,12C,6,m,24,135,0.63,0,0.69,0
17,belli08,13,SCC25,t,a,6,12C,6,m,94,19,0.63,0,2.51,0
17,belli08,14,SCC25,t,a,6,12C,6,m,222,6.7,0.63,0,0.93,0
17,belli08,15,SCC25,t,a,6,12C,6,m,303,4.5,0.63,0,0.87,0
17,belli08,16,SQ20B,t,a,6,12C,6,m,13,290,0.16,0.012,0.2,0.018
17,belli08,17,SQ20B,t,a,6,12C,6,m,24,135,0.16,0.012,0.16,0.031
17,belli08,18,SQ20B,t,a,6,12C,6,m,39,59,0.16,0.012,0.44,0.039
17,belli08,19,SQ20B,t,a,6,12C,6,m,94,19,0.16,0.012,1.02,0
17,belli08,20,SQ20B,t,a,6,12C,6,m,222,6.7,0.16,0.012,0.73,0
17,belli08,21,SQ20B,t,a,6,12C,6,m,303,4.5,0.16,0.012,0.72,0
17,belli08,22,V79,n,a,5.6,12C,6,m,13,290,0.18,0.025,0.25,0.026
17,belli08,23,V79,n,a,5.6,12C,6,m,24,135,0.18,0.025,0.3,0.025
17,belli08,24,V79,n,a,5.6,12C,6,m,94,19,0.18,0.025,1.37,0
17,belli08,25,V79,n,a,5.6,12C,6,m,222,6.7,0.18,0.025,1.1,0
17,belli08,26,V79,n,a,5.6,12C,6,m,303,4.5,0.18,0.025,0.78,0
17,belli08,27,M/10,n,a,6,12C,6,s,40,57,0.3,0.068,0.59,0.118
17,belli08,28,M/10,n,a,6,12C,6,s,75,26,0.3,0.068,0.94,0.129
17,belli08,29,SCC25,t,a,6,12C,6,s,40,57,0.63,0,0.94,0
17,belli08,30,SCC25,t,a,6,12C,6,s,50,43,0.63,0,0.97,0
17,belli08,31,SCC25,t,a,6,12C,6,s,75,26,0.63,0,1.05,0
17,belli08,32,SQ20B,t,a,6,12C,6,s,40,57,0.16,0.012,0.23,0.065
17,belli08,33,SQ20B,t,a,6,12C,6,s,50,43,0.16,0.012,0.34,0.039
17,belli08,34,SQ20B,t,a,6,12C,6,s,75,26,0.16,0.012,0.51,0.05
17,belli08,35,V79,n,a,5.6,12C,6,s,40,57,0.18,0.025,0.52,0.034
17,belli08,36,V79,n,a,5.6,12C,6,s,50,43,0.18,0.025,0.61,0.023
17,belli08,37,V79,n,a,5.6,12C,6,s,75,26,0.18,0.025,0.82,0.032
18,belli98,1,V79,n,a,5.6,1H,1,m,7.7,5.01,0.129,0.046,0.289,0.024
18,belli98,2,V79,n,a,5.6,1H,1,m,11,3.2,0.129,0.046,0.372,0.036
18,belli98,3,V79,n,a,5.6,1H,1,m,20,1.41,0.129,0.046,0.469,0.043
18,belli98,4,V79,n,a,5.6,1H,1,m,30.5,0.76,0.129,0.046,0.721,0
18,belli98,5,V79,n,a,5.6,1H,1,m,34.6,0.64,0.129,0.046,0.653,0
18,belli98,6,V79,n,a,5.6,1H,1,m,37.8,0.57,0.129,0.046,0.58,0
19,hall77,1,V79,n,a,5.6,40Ar,18,s,110.9,330,0.0954,0.0294,0.736,0.0174
19,hall77,2,V79,n,a,5.6,40Ar,18,s,304.9,72,0.0954,0.0294,0.7544,0
19,hall77,3,V79,n,a,5.6,40Ar,18,s,409.2,48,0.0954,0.0294,0.469,0
20,bird75,1,V79,n,a,5.6,4He,2,m,19.1,9.93,0.247,0.0133,0.00391,0.073
20,bird75,2,V79,n,a,5.6,7Li,3,m,43.4,9.85,0.247,0.0133,0.318,0.167
20,bird75,3,V79,n,a,5.6,11B,5,m,129.5,9.17,0.247,0.0133,1.184,0.0207
20,bird75,4,V79,n,a,5.6,12C,6,m,191,8.93,0.247,0.0133,1.156,0.082
20,bird75,5,V79,n,a,5.6,20Ne,10,m,656,6.15,0.247,0.0133,0.644,0.026
20,bird75,6,V79,n,a,5.6,40Ar,18,m,2000,5.09,0.247,0.0133,0.374,0
21,vneubeck09,1,RAT-1,t,a,5.6,12C,6,m,13.3,270,0.174,0.026,0.197,0.031
21,vneubeck09,2,RAT-1,t,a,5.6,12C,6,m,26,100,0.174,0.026,0.292,0.034
21,vneubeck09,3,RAT-1,t,a,5.6,12C,6,m,163,9.9,0.174,0.026,1.237,0
21,vneubeck09,4,IEC-6,n,a,5.6,12C,6,m,13.3,270,0.35,0.022,0.439,0.008
21,vneubeck09,5,IEC-6,n,a,5.6,12C,6,m,26,100,0.35,0.022,0.551,0.007
21,vneubeck09,6,IEC-6,n,a,5.6,12C,6,m,163,9.9,0.35,0.022,1.804,0
22,perris86,1,V79,n,a,5.6,1H,1,m,6,7.4,0.14,0.0055,0.21,0.023
22,perris86,2,V79,n,a,5.6,1H,1,m,12,3,0.14,0.0055,0.43,0
23,bettega83,1,EUE,n,a,6,1H,1,m,5.8,8,0.529,0.0025,0.71,0.04
23,bettega83,2,EUE,n,a,6,1H,1,m,4,12,0.529,0.0025,0.57,0.04
23,bettega83,3,EUE,n,a,6,1H,1,m,1.83,31,0.529,0.0025,0.35,0
24,cox77,1,V79,n,a,5.6,4He,2,m,20,8.8,0.143,0.0259,0.491,0.018
24,cox77,2,V79,n,a,5.6,4He,2,m,50,2.9,0.143,0.0259,0.933,0.0245
24,cox77,3,HF19,n,a,6,4He,2,m,28,5.9,0.792,0,1.253,0
24,cox77,4,HF19,n,a,6,4He,2,m,68,1.9,0.792,0,2.565,0
25,wouters96,1,V79,n,a,5.6,1H,1,s,2.33,22.8,0.06,0.022,0.109,0.0374
25,wouters96,2,V79,n,a,5.6,1H,1,s,2.73,18.8,0.06,0.022,0.102,0.0388
25,wouters96,3,V79,n,a,5.6,1H,1,s,2.89,17.6,0.06,0.022,0.101,0.039
25,wouters96,4,V79,n,a,5.6,1H,1,s,3.09,16.1,0.06,0.022,0.097,0.0402
25,wouters96,5,V79,n,a,5.6,1H,1,s,3.29,14.75,0.06,0.022,0.084,0.0426
25,wouters96,6,V79,n,a,5.6,1H,1,s,3.44,14.05,0.06,0.022,0.085,0.0426
25,wouters96,7,V79,n,a,5.6,1H,1,s,3.7,12.8,0.06,0.022,0.082,0.0428
25,wouters96,8,V79,n,a,5.6,1H,1,s,4,11.6,0.06,0.022,0.085,0.0434
25,wouters96,9,V79,n,a,5.6,1H,1,s,4.41,10.2,0.06,0.022,0.089,0.0432
25,wouters96,10,V79,n,a,5.6,1H,1,s,5.11,8.55,0.06,0.022,0.093,0.0439
25,wouters96,11,V79,n,a,5.6,1H,1,s,6.23,6.8,0.06,0.022,0.118,0.0439
26,combs09,1,U87-MG,t,a,6,12C,6,s,103,18,0.176,0.027,0.84,0
26,combs09,2,U87-MG,t,a,6,12C,6,m,170,9.8,0.176,0.027,1.45,0
26,combs09,3,LN229,t,a,6,12C,6,s,103,18,0.272,0.06,1.31,0
26,combs09,4,LN229,t,a,6,12C,6,m,170,9.8,0.272,0.06,2.16,0
27,kitajima10,1,SuSa,n,G0/G1,6,12C,6,m,24,120,0.98,0,1.167,0
27,kitajima10,2,SuSa,n,G0/G1,6,12C,6,m,40,60,0.98,0,1.167,0
27,kitajima10,3,SuSa,n,G0/G1,6,12C,6,m,50,43,0.98,0,1.235,0
27,kitajima10,4,SuSa,n,G0/G1,6,12C,6,m,60,35,0.98,0,1.499,0
27,kitajima10,5,SuSa,n,G0/G1,6,56Fe,26,m,200,450,0.98,0,1.774,0
27,kitajima10,6,AT1OS,n,G0/G1,6,12C,6,m,24,120,2.36,0,3.115,0
27,kitajima10,7,AT1OS,n,G0/G1,6,12C,6,m,40,60,2.36,0,3.752,0
27,kitajima10,8,AT1OS,n,G0/G1,6,12C,6,m,50,43,2.36,0,3.776,0
27,kitajima10,9,AT1OS,n,G0/G1,6,12C,6,m,60,35,2.36,0,3.54,0
27,kitajima10,10,AT1OS,n,G0/G1,6,56Fe,26,m,200,450,2.36,0,3.634,0
28,blomquist93,1,LS-174T,t,a,6,1H,1,s,4,11.6,0.541,0,0.653,0.004
28,blomquist93,2,V79,n,a,5.6,1H,1,s,4,11.6,0.126,0.0345,0.329,0.024
29,yang85,1,C3H10T1/2,n,a,5.6,12C,6,m,10.5,440,0.376,0.028,0.434,0.02
29,yang85,2,C3H10T1/2,n,a,5.6,20Ne,10,m,32,360,0.269,0.029,0.382,0.037
29,yang85,3,C3H10T1/2,n,a,5.6,28Si,14,m,51,580,0.257,0.02,0.31,0.07
29,yang85,4,C3H10T1/2,n,a,5.6,28Si,14,m,83,225,0.144,0.034,0.535,0.091
29,yang85,5,C3H10T1/2,n,a,5.6,40Ar,18,m,140,215,0.158,0.03,0.523,0.116
29,yang85,6,C3H10T1/2,n,a,5.6,56Fe,26,m,198,460,0.216,0.028,0.755,0.091
29,yang85,7,C3H10T1/2,n,a,5.6,56Fe,26,m,290,220,0.068,0.064,0.473,0.056
29,yang85,8,C3H10T1/2,n,a,5.6,56Fe,26,m,480,103,0.058,0.047,0.524,0.034
29,yang85,9,C3H10T1/2,n,a,5.6,238U,92,m,2080,990,0.022,0.06,0.234,0.016
30,miller95,1,C3H10T1/2,n,a,5.6,2H,1,m,3.8,12.9,0.14,0.05,0.18,0.02
30,miller95,2,C3H10T1/2,n,a,5.6,1H,1,m,15,2.25,0.14,0.05,0.82,0.06
30,miller95,3,C3H10T1/2,n,a,5.6,2H,1,m,40,0.275,0.14,0.05,1.38,0
30,miller95,4,C3H10T1/2,n,a,5.6,3He,2,m,75,1.67,0.14,0.05,1.79,0
30,miller95,5,C3H10T1/2,n,a,5.6,4He,2,m,90,1.28,0.14,0.05,1.42,0
30,miller95,6,C3H10T1/2,n,a,5.6,4He,2,m,120,0.83,0.14,0.05,2.02,0
30,miller95,7,C3H10T1/2,n,a,5.6,4He,2,m,150,0.59,0.14,0.05,2.12,0
30,miller95,8,C3H10T1/2,n,a,5.6,4He,2,m,200,0.36,0.14,0.05,1.46,0
30,miller95,9,C3H10T1/2,n,a,5.6,12C,6,m,265,5.36,0.14,0.05,1.78,0
30,miller95,10,C3H10T1/2,n,a,5.6,16O,8,m,418,6.04,0.14,0.05,0.98,0
31,czub08,1,CHO,n,a,5.6,12C,6,m,438,2.78,0.17,0.02,0.7,0.05
31,czub08,2,CHO,n,a,5.6,12C,6,m,576,1.69,0.17,0.02,0.64,0.01
31,czub08,3,CHO,n,a,5.6,20Ne,10,m,1017,2.81,0.17,0.02,0.45,0
31,czub08,4,CHO,n,a,5.6,20Ne,10,m,1245,1.74,0.17,0.02,0.38,0
32,kamlah11,1,A549,t,a,6,12C,6,m,168,9.9,0.314,0.027,1.333,0
33,aoki00,1,V79,n,a,5.6,12C,6,m,13,283,0.175,0.022,0.095,0.038
33,aoki00,2,V79,n,a,5.6,12C,6,m,30,83,0.175,0.022,0.378,0.023
33,aoki00,3,V79,n,a,5.6,12C,6,m,60,35,0.175,0.022,0.656,0.066
33,aoki00,4,V79,n,a,5.6,12C,6,m,110,16,0.175,0.022,1.012,0
33,aoki00,5,V79,n,a,5.6,12C,6,m,152,11,0.175,0.022,1.044,0
33,aoki00,6,V79,n,a,5.6,12C,6,m,237,6.4,0.175,0.022,0.713,0
34,han98,1,SHE,n,a,5.6,12C,6,m,13,283,0.383,0.028,0.526,0.034
34,han98,2,SHE,n,a,5.6,12C,6,m,50,43,0.383,0.028,0.949,0
34,han98,3,SHE,n,a,5.6,12C,6,m,100,18.5,0.383,0.028,1.275,0
34,han98,4,SHE,n,a,5.6,26Si,14,m,150,95,0.383,0.028,1.091,0
34,han98,5,SHE,n,a,5.6,26Si,14,m,240,50,0.383,0.028,0.929,0
34,han98,6,SHE,n,a,5.6,26Si,14,m,400,25,0.383,0.028,0.75,0
35,hamada10,1,H1299,t,a,6,12C,6,m,13,280,0.035,0.037,0.125,0.032
35,hamada10,2,H1299,t,a,6,20Ne,10,m,35,300,0.035,0.037,0.034,0.079
35,hamada10,3,H1299,t,a,6,26Si,14,m,55,500,0.035,0.037,0.159,0.073
35,hamada10,4,H1299,t,a,6,40Ar,18,m,85,600,0.035,0.037,0.3,0.05
35,hamada10,5,H1299,t,a,6,56Fe,26,m,200,450,0.035,0.037,0.232,0.112
35,hamada10,6,H1299,t,a,6,12C,6,m,30,80,0.035,0.037,0.126,0.006
35,hamada10,7,H1299,t,a,6,12C,6,m,70,28,0.035,0.037,0.38,0.042
35,hamada10,8,H1299,t,a,6,12C,6,m,100,20,0.035,0.037,0.44,0.091
36,claesson11,1,V79,n,a,5.6,4He,2,m,110,1.625,0.098,0.015,1.54,0
36,claesson11,2,V79,n,G1,5.6,4He,2,m,110,1.625,0.357,0,2.18,0
36,claesson11,3,V79,n,Se,5.6,4He,2,m,110,1.625,0.271,0,1.99,0
36,claesson11,4,V79,n,Sm,5.6,4He,2,m,110,1.625,0.183,0.014,1.44,0
36,claesson11,5,V79,n,Sl,5.6,4He,2,m,110,1.625,0.117,0.027,1.82,0
36,claesson11,6,V79,n,M,5.6,4He,2,m,110,1.625,0.422,0.024,1.38,0
37,wedenberg10,1,T1,n,a,6,4He,2,m,25,6.8,0.243,0.027,0.616,0.017
37,wedenberg10,2,T1,n,a,6,4He,2,m,61,2.2,0.243,0.027,1.189,0
37,wedenberg10,3,T1,n,a,6,4He,2,m,88,1.3,0.243,0.027,1.51,0
37,wedenberg10,4,T1,n,a,6,4He,2,m,110,0.93,0.243,0.027,1.77,0
37,wedenberg10,5,T1,n,a,6,4He,2,m,165,0.46,0.243,0.027,1.23,0
38,miller90,1,C3H10T1/2,n,a,6,2H,1,m,40,0.55,0.14,0.05,0.243,0.027
39,tobias80,1,V79,n,S,5.6,40Ar,18,m,370,55,0.172,0.015,0.734,0
39,tobias80,2,V79,n,G1,5.6,40Ar,18,m,370,55,0.447,0.021,0.885,0
40,cox79,1,HF19,n,a,6,4He,2,m,20,8.8,0.797,0,1.09,0
40,cox79,2,HF19,n,a,6,4He,2,m,50,2.8,0.797,0,1.98,0
40,cox79,3,HF19,n,a,6,4He,2,m,90,1.24,0.797,0,3.16,0
40,cox79,4,HF19,n,a,6,11B,5,m,110,10.3,0.797,0,2.96,0
40,cox79,5,HF19,n,a,6,11B,5,m,160,6.6,0.797,0,2.79,0
40,cox79,6,HF19,n,a,6,11B,5,m,200,5,0.797,0,2,0
40,cox79,7,HF19,n,a,6,14N,7,m,470,3.8,0.797,0,1.38,0
41,ito06,1,HL-60,t,a,6,12C,6,m,20,126,0.282,0.059,0.741,0.075
41,ito06,2,HL-60,t,a,6,12C,6,m,60,32,0.282,0.059,1.518,0
41,ito06,3,HL-60,t,a,6,12C,6,m,80,26,0.282,0.059,1.42,0
41,ito06,4,HL-60,t,a,6,26Si,14,m,100,143,0.282,0.059,1.425,0
41,ito06,5,HL-60,t,a,6,26Si,14,m,200,57,0.282,0.059,1.433,0
41,ito06,6,HL-60,t,a,6,26Si,14,m,300,30,0.282,0.059,1.182,0
41,ito06,7,HL-60,t,a,6,56Fe,26,m,440,100,0.282,0.059,0.727,0
42,tilly99,1,V79,n,a,5.6,14N,7,m,78,37,0.112,0.03,0.528,0.086
42,tilly99,2,V79,n,a,5.6,14N,7,m,165,14.4,0.112,0.03,0.697,0.138
42,tilly99,3,V79,n,a,5.6,4He,2,m,6,39,0.112,0.03,0.559,0
43,thacker79,1,V79,n,a,5.6,4He,2,m,28,5.9,0.121,0.031,0.64,0.021
43,thacker79,2,V79,n,a,5.6,4He,2,m,70,1.8,0.121,0.031,1.114,0
43,thacker79,3,V79,n,a,5.6,4He,2,m,90,1.24,0.121,0.031,1.346,0
43,thacker79,4,V79,n,a,5.6,11B,5,m,110,10.3,0.121,0.031,0.906,0
43,thacker79,5,V79,n,a,5.6,11B,5,m,200,5,0.121,0.031,1.259,0
43,thacker79,6,V79,n,a,5.6,14N,7,m,470,3.8,0.121,0.031,0.785,0
44,hirayama09,1,V79,n,a,5.6,12C,6,m,20,144,0.132,0.037,0.322,0
44,hirayama09,2,V79,n,a,5.6,56Fe,26,m,200,416,0.132,0.037,1.106,0
44,hirayama09,3,V79,n,a,5.6,56Fe,26,m,797,53,0.132,0.037,0.553,0
44,hirayama09,4,V79,n,a,5.6,56Fe,26,m,1298,29,0.132,0.037,0.437,0
44,hirayama09,5,V79,n,a,5.6,56Fe,26,m,2106,16,0.132,0.037,0.353,0
45,hirayama05,1,CHO,n,a,5.6,12C,6,m,79.6,24,0.278,0.086,1.11,0.118
46,curtis82,1,R-1,t,a,5.6,12C,6,s,11,389,0.14,0.062,0.402,0.054
46,curtis82,2,R-1,t,a,5.6,12C,6,s,16,200,0.14,0.062,0.566,0.019
46,curtis82,3,R-1,t,a,5.6,12C,6,s,30.5,81,0.14,0.062,0.614,0.018
46,curtis82,4,R-1,t,a,5.6,12C,6,s,36,65.5,0.14,0.062,0.496,0.068
46,curtis82,5,R-1,t,a,5.6,12C,6,s,38,61,0.14,0.062,0.475,0.07
46,curtis82,6,R-1,t,a,5.6,12C,6,s,46,48,0.14,0.062,0.631,0.047
46,curtis82,7,R-1,t,a,5.6,12C,6,s,52.5,40.5,0.14,0.062,0.553,0.065
46,curtis82,8,R-1,t,a,5.6,12C,6,s,64,32,0.14,0.062,0.446,0.058
46,curtis82,9,R-1,t,a,5.6,12C,6,s,75,26,0.14,0.062,0.744,0.046
46,curtis82,10,R-1,t,a,5.6,12C,6,s,90,21,0.14,0.062,0.871,0.037
46,curtis82,11,R-1,t,a,5.6,12C,6,s,95,19.5,0.14,0.062,0.76,0.045
46,curtis82,12,R-1,t,a,5.6,20Ne,10,s,31,379,0.14,0.062,0.492,0.078
46,curtis82,13,R-1,t,a,5.6,20Ne,10,s,35,299,0.14,0.062,0.567,0.016
46,curtis82,14,R-1,t,a,5.6,20Ne,10,s,58.5,133,0.14,0.062,0.646,0.025
46,curtis82,15,R-1,t,a,5.6,20Ne,10,s,70,105,0.14,0.062,0.648,0.039
46,curtis82,16,R-1,t,a,5.6,20Ne,10,s,74,97,0.14,0.062,0.799,0.031
46,curtis82,17,R-1,t,a,5.6,20Ne,10,s,90,75,0.14,0.062,0.506,0.025
46,curtis82,18,R-1,t,a,5.6,20Ne,10,s,120,52,0.14,0.062,0.897,0.053
46,curtis82,19,R-1,t,a,5.6,20Ne,10,s,122.5,50,0.14,0.062,0.8,0.048
46,curtis82,20,R-1,t,a,5.6,20Ne,10,s,150,39,0.14,0.062,0.745,0.042
46,curtis82,21,R-1,t,a,5.6,20Ne,10,s,177.5,32,0.14,0.062,1.168,0.026
46,curtis82,22,R-1,t,a,5.6,20Ne,10,s,185,30,0.14,0.062,0.844,0.027
46,curtis82,23,R-1,t,a,5.6,40Ar,18,s,95,428,0.14,0.062,0.949,0.054
46,curtis82,24,R-1,t,a,5.6,40Ar,18,s,210,116.5,0.14,0.062,1.053,0.03
46,curtis82,25,R-1,t,a,5.6,40Ar,18,s,280,79,0.14,0.062,1.144,0
46,curtis82,26,R-1,t,a,5.6,40Ar,18,s,430,46,0.14,0.062,1.076,0.006
46,curtis82,27,R-1,t,a,5.6,40Ar,18,s,540,34.5,0.14,0.062,0.955,0.002
46,curtis82,28,R-1,t,a,5.6,40Ar,18,s,750,22,0.14,0.062,0.884,0.015
47,boehrnsen02,1,V79,n,a,5.6,12C,6,m,27.5,92.5,0.07,0.028,0.254,0.042
47,boehrnsen02,2,V79,n,a,5.6,12C,6,m,153,10.2,0.07,0.028,0.604,0.062
48,fournier01,1,AG1522B,n,a,6,12C,6,m,153.5,11,0.472,0.035,1.381,0
48,fournier01,2,AG1522B,n,a,6,12C,6,m,16.6,195,0.472,0.035,0.353,0.126
48,fournier01,3,AG1522B,n,a,6,58Ni,28,m,2455,9.9,0.472,0.035,0.338,0
48,fournier01,4,PS1,n,a,6,12C,6,m,16.6,195,0.588,0.023,0.569,0.033
49,wulf85,1,B14FAF28,n,a,5.6,40Ar,18,m,1950,3.88,0.21,0.0147,0.17,0
49,wulf85,2,B14FAF28,n,a,5.6,40Ar,18,m,1950,3.88,0.21,0.0147,0.176,0
49,wulf85,3,B14FAF28,n,a,5.6,40Ar,18,m,1800,4.64,0.21,0.0147,0.205,0
49,wulf85,4,B14FAF28,n,a,5.6,40Ar,18,m,1350,8.4,0.21,0.0147,0.319,0
49,wulf85,5,B14FAF28,n,a,5.6,40Ar,18,m,1280,9.24,0.21,0.0147,0.327,0
49,wulf85,6,B14FAF28,n,a,5.6,40Ar,18,m,1280,9.24,0.21,0.0147,0.347,0
49,wulf85,7,B14FAF28,n,a,5.6,48Ti,22,m,2710,3.68,0.21,0.0147,0.165,0
49,wulf85,8,B14FAF28,n,a,5.6,48Ti,22,m,2140,7.03,0.21,0.0147,0.154,0
49,wulf85,9,B14FAF28,n,a,5.6,58Ni,28,m,3910,3.6,0.21,0.0147,0.091,0
49,wulf85,10,B14FAF28,n,a,5.6,58Ni,28,m,3910,3.6,0.21,0.0147,0.123,0
49,wulf85,11,B14FAF28,n,a,5.6,84Kr,36,m,5600,3.17,0.21,0.0147,0.064,0
49,wulf85,12,B14FAF28,n,a,5.6,84Kr,36,m,4700,7,0.21,0.0147,0.132,0
49,wulf85,13,B14FAF28,n,a,5.6,132Xe,54,m,4100,0.24,0.21,0.0147,0.133,0
49,wulf85,14,B14FAF28,n,a,5.6,132Xe,54,m,8800,5.2,0.21,0.0147,0.057,0
49,wulf85,15,B14FAF28,n,a,5.6,132Xe,54,m,8700,5.71,0.21,0.0147,0.038,0
49,wulf85,16,B14FAF28,n,a,5.6,132Xe,54,m,8200,7.29,0.21,0.0147,0.056,0
49,wulf85,17,B14FAF28,n,a,5.6,132Xe,54,m,8000,8.16,0.21,0.0147,0.052,0
49,wulf85,18,B14FAF28,n,a,5.6,142Nd,60,m,10590,3.17,0.21,0.0147,0.047,0
49,wulf85,19,B14FAF28,n,a,5.6,208Pb,82,m,5400,0.26,0.21,0.0147,0.041,0
49,wulf85,20,B14FAF28,n,a,5.6,208Pb,82,m,14200,3.58,0.21,0.0147,0.046,0
49,wulf85,21,B14FAF28,n,a,5.6,208Pb,82,m,13900,7.81,0.21,0.0147,0.05,0
49,wulf85,22,B14FAF28,n,a,5.6,238U,92,m,6500,0.3,0.21,0.0147,0.032,0
49,wulf85,23,B14FAF28,n,a,5.6,238U,92,m,14500,1.95,0.21,0.0147,0.027,0
49,wulf85,24,B14FAF28,n,a,5.6,238U,92,m,15500,3.16,0.21,0.0147,0.03,0
49,wulf85,25,B14FAF28,n,a,5.6,238U,92,m,15800,4.37,0.21,0.0147,0.028,0
49,wulf85,26,B14FAF28,n,a,5.6,238U,92,m,15800,5.04,0.21,0.0147,0.033,0
49,wulf85,27,B14FAF28,n,a,5.6,238U,92,m,15500,6.04,0.21,0.0147,0.043,0
49,wulf85,28,B14FAF28,n,a,5.6,238U,92,m,15500,6.27,0.21,0.0147,0.042,0
49,wulf85,29,B14FAF28,n,a,5.6,238U,92,m,15400,7.07,0.21,0.0147,0.041,0
49,wulf85,30,B14FAF28,n,a,5.6,238U,92,m,15000,8.61,0.21,0.0147,0.044,0
49,wulf85,31,V79,n,a,5.6,12C,6,m,390,2.4,0.2,0.0171,0.668,0
49,wulf85,32,V79,n,a,5.6,12C,6,m,290,3.9,0.2,0.0171,0.869,0
49,wulf85,33,V79,n,a,5.6,12C,6,m,280,4.1,0.2,0.0171,0.882,0
49,wulf85,34,V79,n,a,5.6,12C,6,m,240,5.2,0.2,0.0171,0.948,0
49,wulf85,35,V79,n,a,5.6,12C,6,m,225,5.7,0.2,0.0171,0.786,0
49,wulf85,36,V79,n,a,5.6,12C,6,m,215,6.1,0.2,0.0171,1.07,0
49,wulf85,37,V79,n,a,5.6,12C,6,m,180,7.6,0.2,0.0171,0.917,0
49,wulf85,38,V79,n,a,5.6,12C,6,m,162,8.7,0.2,0.0171,0.938,0
49,wulf85,39,V79,n,a,5.6,16O,8,m,392,5.6,0.2,0.0171,0.67,0
49,wulf85,40,V79,n,a,5.6,16O,8,m,392,5.6,0.2,0.0171,0.59,0
49,wulf85,41,V79,n,a,5.6,16O,8,m,278,8.7,0.2,0.0171,0.989,0
49,wulf85,42,V79,n,a,5.6,16O,8,m,278,8.7,0.2,0.0171,1.012,0
49,wulf85,43,V79,n,a,5.6,18F,9,m,834,2.2,0.2,0.0171,0.257,0
49,wulf85,44,V79,n,a,5.6,18F,9,m,622,3.8,0.2,0.0171,0.396,0
49,wulf85,45,V79,n,a,5.6,18F,9,m,515,5.2,0.2,0.0171,0.556,0
49,wulf85,46,V79,n,a,5.6,18F,9,m,515,5.2,0.2,0.0171,0.584,0
49,wulf85,47,V79,n,a,5.6,40Ar,18,m,2400,1.9,0.2,0.0171,0.081,0
49,wulf85,48,V79,n,a,5.6,40Ar,18,m,1750,5.1,0.2,0.0171,0.189,0
49,wulf85,49,V79,n,a,5.6,40Ar,18,m,1300,9.1,0.2,0.0171,0.154,0
49,wulf85,50,V79,n,a,5.6,40Ar,18,m,1300,9.1,0.2,0.0171,0.168,0
49,wulf85,51,V79,n,a,5.6,40Ar,18,m,1175,10.4,0.2,0.0171,0.282,0
49,wulf85,52,V79,n,a,5.6,40Ar,18,m,940,14.2,0.2,0.0171,0.386,0
49,wulf85,53,V79,n,a,5.6,40Ar,18,m,830,16.9,0.2,0.0171,0.422,0
49,wulf85,54,V79,n,a,5.6,40Ar,18,m,730,20,0.2,0.0171,0.588,0
49,wulf85,55,V79,n,a,5.6,40Ar,18,m,480,35,0.2,0.0171,0.686,0
49,wulf85,56,V79,n,a,5.6,40Ar,18,m,155,165,0.2,0.0171,0.919,0
49,wulf85,57,V79,n,a,5.6,40Ar,18,m,150,170,0.2,0.0171,1.129,0
49,wulf85,58,V79,n,a,5.6,40Ca,20,m,1500,10.6,0.2,0.0171,0.125,0
49,wulf85,59,V79,n,a,5.6,56Fe,26,m,1590,0.1,0.2,0.0171,0.031,0
49,wulf85,60,V79,n,a,5.6,56Fe,26,m,1950,13,0.2,0.0171,0.208,0
49,wulf85,61,V79,n,a,5.6,56Fe,26,m,1650,17,0.2,0.0171,0.265,0
49,wulf85,62,V79,n,a,5.6,56Fe,26,m,650,60,0.2,0.0171,0.527,0
49,wulf85,63,V79,n,a,5.6,56Fe,26,m,520,80,0.2,0.0171,0.672,0
49,wulf85,64,V79,n,a,5.6,56Fe,26,m,460,95,0.2,0.0171,0.62,0
49,wulf85,65,V79,n,a,5.6,56Fe,26,m,185,400,0.2,0.0171,1.088,0
49,wulf85,66,V79,n,a,5.6,58Ni,28,m,5170,0.7,0.2,0.0171,0.015,0
49,wulf85,67,V79,n,a,5.6,58Ni,28,m,4480,1.8,0.2,0.0171,0.036,0
49,wulf85,68,V79,n,a,5.6,58Ni,28,m,4160,2.5,0.2,0.0171,0.059,0
49,wulf85,69,V79,n,a,5.6,58Ni,28,m,3700,4.5,0.2,0.0171,0.1,0
49,wulf85,70,V79,n,a,5.6,58Ni,28,m,3350,6.1,0.2,0.0171,0.106,0
49,wulf85,71,V79,n,a,5.6,84Kr,36,m,5800,2.83,0.2,0.0171,0.045,0
49,wulf85,72,V79,n,a,5.6,84Kr,36,m,4000,11,0.2,0.0171,0.083,0
49,wulf85,73,V79,n,a,5.6,84Kr,36,m,3950,11.1,0.2,0.0171,0.089,0
49,wulf85,74,V79,n,a,5.6,84Kr,36,m,3190,17.9,0.2,0.0171,0.127,0
49,wulf85,75,V79,n,a,5.6,84Kr,36,m,3150,18,0.2,0.0171,0.137,0
49,wulf85,76,V79,n,a,5.6,132Xe,54,m,9100,3.75,0.2,0.0171,0.03,0
49,wulf85,77,V79,n,a,5.6,132Xe,54,m,8800,5.3,0.2,0.0171,0.029,0
49,wulf85,78,V79,n,a,5.6,132Xe,54,m,8800,5.3,0.2,0.0171,0.032,0
49,wulf85,79,V79,n,a,5.6,132Xe,54,m,8500,6.2,0.2,0.0171,0.037,0
49,wulf85,80,V79,n,a,5.6,132Xe,54,m,8400,6.51,0.2,0.0171,0.051,0
49,wulf85,81,V79,n,a,5.6,132Xe,54,m,7600,10.1,0.2,0.0171,0.049,0
49,wulf85,82,V79,n,a,5.6,132Xe,54,m,7600,10.1,0.2,0.0171,0.051,0
49,wulf85,83,V79,n,a,5.6,132Xe,54,m,7400,11.3,0.2,0.0171,0.057,0
49,wulf85,84,V79,n,a,5.6,132Xe,54,m,7000,13.3,0.2,0.0171,0.05,0
49,wulf85,85,V79,n,a,5.6,132Xe,54,m,7000,13.3,0.2,0.0171,0.053,0
49,wulf85,86,V79,n,a,5.6,132Xe,54,m,6600,15.8,0.2,0.0171,0.065,0
49,wulf85,87,V79,n,a,5.6,132Xe,54,m,6300,17.7,0.2,0.0171,0.061,0
49,wulf85,88,V79,n,a,5.6,132Xe,54,m,6300,17.7,0.2,0.0171,0.062,0
49,wulf85,89,V79,n,a,5.6,238U,92,m,12500,1.1,0.2,0.0171,0.021,0
49,wulf85,90,V79,n,a,5.6,238U,92,m,13500,1.7,0.2,0.0171,0.021,0
49,wulf85,91,V79,n,a,5.6,238U,92,m,13500,1.7,0.2,0.0171,0.02,0
49,wulf85,92,V79,n,a,5.6,238U,92,m,15000,2.5,0.2,0.0171,0.017,0
49,wulf85,93,V79,n,a,5.6,238U,92,m,15200,2.75,0.2,0.0171,0.02,0
49,wulf85,94,V79,n,a,5.6,238U,92,m,15500,3.2,0.2,0.0171,0.022,0
49,wulf85,95,V79,n,a,5.6,238U,92,m,15700,3.85,0.2,0.0171,0.019,0
49,wulf85,96,V79,n,a,5.6,238U,92,m,15700,3.85,0.2,0.0171,0.023,0
49,wulf85,97,V79,n,a,5.6,238U,92,m,15750,4.1,0.2,0.0171,0.023,0
49,wulf85,98,V79,n,a,5.6,238U,92,m,15750,4.1,0.2,0.0171,0.021,0
49,wulf85,99,V79,n,a,5.6,238U,92,m,15750,4.1,0.2,0.0171,0.023,0
49,wulf85,100,V79,n,a,5.6,238U,92,m,15800,4.7,0.2,0.0171,0.019,0
49,wulf85,101,V79,n,a,5.6,238U,92,m,15600,6.9,0.2,0.0171,0.026,0
49,wulf85,102,V79,n,a,5.6,238U,92,m,15600,6.9,0.2,0.0171,0.028,0
49,wulf85,103,V79,n,a,5.6,238U,92,m,15500,8.2,0.2,0.0171,0.026,0
49,wulf85,104,V79,n,a,5.6,238U,92,m,14400,12.3,0.2,0.0171,0.041,0
49,wulf85,105,V79,n,a,5.6,238U,92,m,14000,13.3,0.2,0.0171,0.043,0
49,wulf85,106,V79,n,a,5.6,238U,92,m,13800,13.7,0.2,0.0171,0.043,0
50,scholz03,1,CHO,n,a,5.6,20Ne,10,m,30.25,396,0.228,0.02,0.409,0.031
50,scholz03,2,CHO,n,a,5.6,16O,8,m,21.4,325,0.228,0.02,0.334,0.039
50,scholz03,3,CHO,n,a,5.6,12C,6,m,13.3,270,0.228,0.02,0.383,0.039
50,scholz03,4,CHO,n,a,5.6,20Ne,10,m,410,11,0.228,0.02,0.868,0
50,scholz03,5,CHO,n,a,5.6,16O,8,m,265,11,0.228,0.02,1.002,0
50,scholz03,6,CHO,n,a,5.6,12C,6,m,150,11,0.228,0.02,1.277,0
50,scholz03,7,V79,n,a,5.6,238U,92,m,16500,5,0.093,0.026,0.023,0
50,scholz03,8,V79,n,a,5.6,12C,6,m,150,11,0.093,0.026,1.32,0
51,persson02,1,AA,t,a,6,10B,5,m,40,36.6,0.047,0.048,0.206,0.151
51,persson02,2,AA,t,a,6,10B,5,m,80,15.3,0.047,0.048,0.238,0.334
51,persson02,3,AA,t,a,6,10B,5,m,160,6.6,0.047,0.048,0.712,0.226
52,yang84,1,C3H10T1/2,n,a,5.6,56Fe,26,m,500,300,0.089,0.043,0.655,0
52,yang84,2,C3H10T1/2,n,a,5.6,238U,92,m,1900,960,0.06,0.056,0.322,0
53,scholz97,1,CHO,n,a,5.6,12C,6,m,150,11,0.18,0.028,1.057,0
53,scholz97,2,CHO,n,a,5.6,12C,6,m,32,77,0.18,0.028,0.571,0.043
53,scholz97,3,CHO,n,a,5.6,12C,6,m,16.6,190,0.18,0.028,0.459,0.026
53,scholz97,4,CHO,n,a,5.6,12C,6,m,13.5,266,0.18,0.028,0.496,0.026
53,scholz97,5,CHO,n,a,5.6,16O,8,m,265,11,0.18,0.028,1.025,0
53,scholz97,6,CHO,n,a,5.6,16O,8,m,50.5,89,0.18,0.028,0.801,0
53,scholz97,7,CHO,n,a,5.6,16O,8,m,29,194,0.18,0.028,0.494,0.037
53,scholz97,8,CHO,n,a,5.6,16O,8,m,19.4,395,0.18,0.028,0.418,0.028
54,prise90,1,V79,n,a,5.6,1H,1,m,16.9,1.9,0.11,0.027,0.35,0.045
54,prise90,2,V79,n,a,5.6,1H,1,m,23.7,1.15,0.11,0.027,0.33,0.066
54,prise90,3,V79,n,a,5.6,1H,1,m,31,0.76,0.11,0.027,1.03,0
54,prise90,4,V79,n,a,5.6,4He,2,m,108,0.95,0.11,0.027,1.31,0
55,terato08,1,AA8,n,a,5.6,12C,6,m,13,283,0.42,0.014,0.446,0.04
55,terato08,2,AA8,n,a,5.6,12C,6,m,30,83,0.42,0.014,0.681,0
55,terato08,3,AA8,n,a,5.6,12C,6,m,50,43,0.42,0.014,1.002,0
55,terato08,4,AA8,n,a,5.6,56Fe,26,m,200,290,0.42,0.014,1.47,0
56,suzuki96,1,HE,n,G1/G0,6,12C,6,m,22,126,0.112,0.169,1.333,0
56,suzuki96,2,HE,n,G1/G0,6,12C,6,m,39,59,0.112,0.169,1.512,0
56,suzuki96,3,HE,n,G1/G0,6,12C,6,m,68,29.3,0.112,0.169,1.661,0
56,suzuki96,4,HE,n,G1/G0,6,12C,6,m,75,26,0.112,0.169,1.92,0
56,suzuki96,5,HE,n,G1/G0,6,12C,6,m,110,16.4,0.112,0.169,2.423,0
56,suzuki96,6,HE,n,G1/G0,6,12C,6,m,124,14,0.112,0.169,2.251,0
56,suzuki96,7,HE,n,G1/G0,6,12C,6,m,148,11.2,0.112,0.169,2.022,0
56,suzuki96,8,HE,n,G1/G0,6,12C,6,m,230,6.6,0.112,0.169,1.836,0
57,matsumoto08,1,C32TG,t,a,6,12C,6,s,50,43.4,0.71,0.06,0.2,0.05
57,matsumoto08,2,Colo679,t,a,6,12C,6,s,50,43.4,0.62,0.06,0.17,0.07
57,matsumoto08,3,HMV-I,t,a,6,12C,6,s,50,43.4,0.46,0.14,0.12,0.08
57,matsumoto08,4,HMV-II,t,a,6,12C,6,s,50,43.4,0.68,0.01,0.29,0.02
57,matsumoto08,5,92-1,t,a,6,12C,6,s,50,43.4,1.31,0.09,0.88,0.07
57,matsumoto08,6,MeWo,t,a,6,12C,6,s,50,43.4,0.96,0.03,0.53,0.04
58,mehnati05,1,CHO,n,a,5.6,12C,6,m,20,144,0.233,0.02,0.67,0
58,mehnati05,2,CHO,n,a,5.6,12C,6,m,60,35,0.233,0.02,0.83,0
58,mehnati05,3,CHO,n,a,5.6,12C,6,m,82,23.5,0.233,0.02,1,0
58,mehnati05,4,CHO,n,a,5.6,12C,6,m,99,18.7,0.233,0.02,1.03,0
58,mehnati05,5,CHO,n,a,5.6,20Ne,10,m,102,64,0.233,0.02,1.1,0
58,mehnati05,6,CHO,n,a,5.6,20Ne,10,m,120,52,0.233,0.02,1.11,0
58,mehnati05,7,CHO,n,a,5.6,20Ne,10,m,171,34,0.233,0.02,1.32,0
58,mehnati05,8,CHO,n,a,5.6,20Ne,10,m,228,23.4,0.233,0.02,1.23,0
58,mehnati05,9,CHO,n,a,5.6,20Ne,10,m,341,14,0.233,0.02,1.03,0
58,mehnati05,10,CHO,n,a,5.6,40Ar,18,m,341,105.7,0.233,0.02,0.3,0
58,mehnati05,11,CHO,n,a,5.6,56Fe,26,m,780,55,0.233,0.02,0.48,0
58,mehnati05,12,CHO,n,a,5.6,56Fe,26,m,1200,28,0.233,0.02,0.38,0
58,mehnati05,13,CHO,n,a,5.6,56Fe,26,m,2000,13,0.233,0.02,0.29,0
59,stenerloew95,1,HTh7,t,a,6,4He,2,s,40,3.82,0.269,0.052,0.738,0
59,stenerloew95,2,B16,t,a,5.6,4He,2,s,40,3.82,0.122,0.043,0.741,0.07
59,stenerloew95,3,IGR,t,a,6,4He,2,s,40,3.82,0.108,0.056,0.531,0.062
59,stenerloew95,4,V79,n,a,5.6,4He,2,s,40,3.82,0.188,0.029,0.649,0.004
59,stenerloew95,5,V79,n,a,5.6,14N,7,m,125,20.3,0.188,0.029,1.04,0.07
59,stenerloew95,6,LS-174T,t,a,6,4He,2,s,40,3.82,0.543,0,0.918,0
59,stenerloew95,7,LS-174T,t,a,6,14N,7,m,125,20.3,0.543,0,1.48,0.209
59,stenerloew95,8,U-343MG,t,a,6,4He,2,s,40,3.82,0.061,0.067,0.784,0
59,stenerloew95,9,U-343MG,t,a,6,14N,7,m,125,20.3,0.061,0.067,1.92,0.177
59,stenerloew95,10,DU-145,t,a,6,4He,2,s,40,3.82,0.189,0.024,0.731,0
60,okayasu06,1,CHO,n,a,5.6,12C,6,m,70,28.5,0,0.072,0.752,0
60,okayasu06,2,CHO,n,a,5.6,56Fe,26,m,200,430,0,0.072,1.368,0
60,okayasu06,3,Xrs,n,a,5.6,12C,6,m,70,28.5,1.445,0,1.754,0
60,okayasu06,4,Xrs,n,a,5.6,56Fe,26,m,200,430,1.445,0,2.068,0
60,okayasu06,5,Ku80,n,a,5.6,12C,6,m,70,28.5,0.143,0.038,0.907,0
60,okayasu06,6,Ku80,n,a,5.6,56Fe,26,m,200,430,0.143,0.038,1.523,0
60,okayasu06,7,HFLIII,n,a,6,12C,6,m,70,28.5,0.737,0,1.371,0
60,okayasu06,8,HFLIII,n,a,6,56Fe,26,m,200,430,0.737,0,1.943,0
60,okayasu06,9,180BR,n,a,6,12C,6,m,70,28.5,2.012,0,1.871,0
60,okayasu06,10,180BR,n,a,6,56Fe,26,m,200,430,2.012,0,3.425,0
61,tsuboi07,1,NB1RGB,n,a,6,12C,6,m,20,144,0.328,0.057,0.582,0.045
61,tsuboi07,2,NB1RGB,n,a,6,12C,6,m,40,57,0.328,0.057,0.592,0.085
61,tsuboi07,3,NB1RGB,n,a,6,12C,6,m,80,24,0.328,0.057,0.946,0.169
61,tsuboi07,4,U87MG,t,a,6,12C,6,m,20,144,0.394,0.063,0.479,0.156
61,tsuboi07,5,U87MG,t,a,6,12C,6,m,40,57,0.394,0.063,0.852,0.092
61,tsuboi07,6,U87MG,t,a,6,12C,6,m,80,24,0.394,0.063,1.044,0.179
61,tsuboi07,7,TK1,t,a,6,12C,6,m,20,144,0.09,0.039,0.41,0.048
61,tsuboi07,8,TK1,t,a,6,12C,6,m,40,57,0.09,0.039,0.445,0.089
61,tsuboi07,9,TK1,t,a,6,12C,6,m,80,24,0.09,0.039,0.755,0.244
62,todd75,1,ChangHL,n,a,6,7Li,3,m,55,7,0.338,0.079,1.078,0.06
62,todd75,2,ChangHL,n,a,6,12C,6,m,220,7,0.275,0.047,1.005,0
62,todd75,3,ChangHL,n,a,6,40Ar,18,m,1940,5.3,0.352,0.059,0.281,0
62,todd75,4,M3-1,n,a,5.6,7Li,3,m,55,7,0.125,0.055,0.735,0.106
62,todd75,5,M3-1,n,a,5.6,11B,5,m,165,6.3,0.211,0.041,0.096,0.429
62,todd75,6,M3-1,n,a,5.6,12C,6,m,220,7,0.078,0.036,0.427,0.124
62,todd75,7,M3-1,n,a,5.6,14N,7,m,350,5.7,0.271,0.026,0.89,0
62,todd75,8,M3-1,n,a,5.6,16O,8,m,385,7,0.224,0.031,0.793,0
62,todd75,9,M3-1,n,a,5.6,20Ne,10,m,580,7,0.068,0.043,0.602,0
62,todd75,10,M3-1,n,a,5.6,40Ar,18,m,1940,5.3,0.025,0.039,0.212,0
63,hall72,1,V79,n,a,5.6,4He,2,m,106,1.3,0.259,0.0063,1.465,0.034
64,takahashi00,1,A172,t,a,6,12C,6,s,70,28.5,0.066,0.072,0.794,0
64,takahashi00,2,A172,t,a,6,4He,2,s,156,0.51,0.066,0.072,0.535,0
64,takahashi00,3,A172neo,t,a,6,12C,6,s,70,28.5,0.061,0.076,0.794,0
64,takahashi00,4,A172neo,t,a,6,4He,2,s,156,0.51,0.061,0.076,0.523,0
64,takahashi00,5,A172mp53,t,a,6,12C,6,s,70,28.5,0.0083,0.061,0.768,0
64,takahashi00,6,A172mp53,t,a,6,4He,2,s,156,0.51,0.0083,0.061,0.512,0
64,takahashi00,7,TG98G,t,a,6,12C,6,s,70,28.5,0.01,0.06,0.72,0
64,takahashi00,8,TG98G,t,a,6,4He,2,s,156,0.51,0.01,0.06,0.501,0
65,takahashi04,1,H1299wtp53,t,a,6,12C,6,m,30,83,0.02,0.039,0.226,0.031
65,takahashi04,2,H1299wtp53,t,a,6,12C,6,m,70,28.5,0.02,0.039,0.148,0.089
65,takahashi04,3,H1299wtp53,t,a,6,12C,6,m,70,28.5,0.027,0.034,0,0.123
65,takahashi04,4,H1299wtp53,t,a,6,12C,6,m,100,18.5,0.02,0.039,0.475,0.074
65,takahashi04,5,H1299tp53,t,a,6,12C,6,m,30,83,0.041,0.016,0.101,0.037
65,takahashi04,6,H1299tp53,t,a,6,12C,6,m,70,28.5,0.041,0.016,0.057,0.107
65,takahashi04,7,H1299tp53,t,a,6,12C,6,m,70,28.5,0,0.016,0,0.11
65,takahashi04,8,H1299tp53,t,a,6,12C,6,m,100,18.5,0.041,0.016,0.34,0.11
65,takahashi04,9,H1299tp53-null,t,a,6,12C,6,m,30,83,0,0.016,0.057,0.042
65,takahashi04,10,H1299tp53-null,t,a,6,12C,6,m,70,28.5,0,0.016,0.244,0.073
65,takahashi04,11,H1299tp53-null,t,a,6,12C,6,m,70,28.5,0,0.017,0,0.109
65,takahashi04,12,H1299tp53-null,t,a,6,12C,6,m,100,18.5,0,0.016,0.297,0.119
66,matsuzaki98,1,OCUB-M,t,a,6,12C,6,s,80,24,0.28,0.044,1.386,0
66,matsuzaki98,2,CRL-1500,t,a,6,12C,6,s,80,24,0.343,0.077,1.711,0.021
66,matsuzaki98,3,YMB-1,t,a,6,12C,6,s,80,24,0.682,0.032,1.734,0
67,kronenberg09,1,Aprt,n,a,5.6,56Fe,26,m,151.4,1000,0.556,0,1.087,0
68,hamada06,1,AG01522,n,a,6,4He,2,m,16.2,11.5,0.45,0,0.649,0
68,hamada06,2,AG01522,n,a,6,12C,6,m,76.3,25.5,0.45,0,1.337,0
68,hamada06,3,AG01522,n,a,6,12C,6,m,108,17,0.45,0,1.751,0
68,hamada06,4,AG01522,n,a,6,20Ne,10,m,321,15,0.45,0,1.508,0
68,hamada06,5,AG01522,n,a,6,20Ne,10,m,437,10,0.45,0,1.233,0
68,hamada06,6,AG01522,n,a,6,40Ar,18,m,1610,7,0.45,0,0.373,0
69,zhou06,1,V79,n,a,5.6,12C,6,m,100,18.5,0.098,0.027,1.026,0
70,jenner93,1,V79,n,a,5.6,4He,2,m,120,0.81,0.055,0.025,1.541,0
71,furusawa02,1,V79,n,a,5.6,40Ar,18,m,86,575,0.193,0.027,0.997,0
71,furusawa02,2,V79,n,a,5.6,58Fe,26,m,442,115,0.183,0.016,0.831,0
72,takahashi01,1,SASmp53,t,a,6,12C,6,m,30,83,0.098,0.026,0.107,0.09
72,takahashi01,2,SASmp53,t,a,6,12C,6,m,70,28.5,0.098,0.026,0.803,0
72,takahashi01,3,SASmp53,t,a,6,12C,6,m,100,18.5,0.098,0.026,1.112,0
72,takahashi01,4,SASmp53,t,a,6,12C,6,m,150,11,0.098,0.026,0.802,0
72,takahashi01,5,SASneo,t,a,6,12C,6,m,30,83,0.24,0.024,0.2,0.092
72,takahashi01,6,SASneo,t,a,6,12C,6,m,70,28.5,0.24,0.024,0.889,0
72,takahashi01,7,SASneo,t,a,6,12C,6,m,100,18.5,0.24,0.024,0.128,0
72,takahashi01,8,SASneo,t,a,6,12C,6,m,150,11,0.24,0.024,0.847,0
73,bettega05,1,AG1522,n,a,6,56Fe,26,m,442,200,0.765,0,0.292,0.398
73,bettega05,2,AG1522,n,a,6,56Fe,26,m,200,500,0.765,0,1.126,0.214
73,bettega05,3,AG1522,n,a,6,56Fe,26,m,147,1000,0.765,0,0.796,0.618
73,bettega05,4,AG1522,n,a,6,48Ti,22,m,106,970,0.765,0,0.808,0.535
73,bettega05,5,AG1522,n,a,6,26Si,14,m,56,490,0.765,0,0.887,0.429
74,ibanez09,1,B16-F0,t,a,5.6,1H,1,m,3.4,14.4,0.1,0.046,0.073,0.049
74,ibanez09,2,B16-F0,t,a,5.6,1H,1,m,14,2.9,0.1,0.046,0.61,0
74,ibanez09,3,B16-F0,t,a,5.6,6Li,3,m,135,14,0.1,0.046,1.24,0
75,hellweg11,1,HEK,n,a,6,13C,6,m,33.2,72.4,0.26,0.102,1.3,0
75,hellweg11,2,HEK,n,a,6,13C,6,m,73.2,27.8,0.26,0.102,1.63,0
76,napolitano92,1,C3H10T1/2,n,G0/G1,5.6,4He,2,m,177,0.45,0.27,0.03,1.3,0
77,hill04,1,V79-4,n,a,5.6,4He,2,m,121,3.26,0.111,0.03,1.65,0
77,hill04,2,V79-4,n,a,5.6,4He,2,m,121,3.26,0.111,0.03,1.38,0.102
77,hill04,3,irs1,n,a,5.6,4He,2,m,121,3.26,0.745,0,2.29,0
77,hill04,4,irs2,n,a,5.6,4He,2,m,121,3.26,0.609,0.071,2.63,0
77,hill04,5,irs3,n,a,5.6,4He,2,m,121,3.26,0.403,0.04,2.16,0
77,hill04,6,CHO-K1,n,a,5.6,4He,2,m,121,3.26,0.24,0.035,1.36,0
77,hill04,7,xrs5,n,a,5.6,4He,2,m,121,3.26,1.86,0,2.91,0
